净值日期,单位净值,累计净值,日增长率,申购状态,赎回状态,分红送配
2022-03-30,0.9879,1.8436,5.13%,开放申购,开放赎回,
2022-03-29,0.9397,1.7954,-1.71%,开放申购,开放赎回,
2022-03-28,0.956,1.8117,1.88%,开放申购,开放赎回,
2022-03-25,0.9384,1.7941,-0.09%,开放申购,开放赎回,
2022-03-24,0.9392,1.7949,-1.47%,开放申购,开放赎回,
2022-03-23,0.9532,1.8089,1.84%,开放申购,开放赎回,
2022-03-22,0.936,1.7917,3.49%,开放申购,开放赎回,
2022-03-21,0.9044,1.7601,-0.59%,开放申购,开放赎回,
2022-03-18,0.9098,1.7655,4.61%,开放申购,开放赎回,
2022-03-17,0.8697,1.7254,3.55%,开放申购,开放赎回,
2022-03-16,0.8399,1.6956,2.88%,开放申购,开放赎回,
2022-03-15,0.8164,1.6721,-7.26%,开放申购,开放赎回,
2022-03-14,0.8803,1.736,-1.69%,开放申购,开放赎回,
2022-03-11,0.8954,1.7511,0.13%,开放申购,开放赎回,
2022-03-10,0.8942,1.7499,0.61%,开放申购,开放赎回,
2022-03-09,0.8888,1.7445,-3.05%,开放申购,开放赎回,
2022-03-08,0.9168,1.7725,-2.93%,开放申购,开放赎回,
2022-03-07,0.9445,1.8002,-0.15%,开放申购,开放赎回,
2022-03-04,0.9459,1.8016,-0.90%,开放申购,开放赎回,
2022-03-03,0.9545,1.8102,1.86%,开放申购,开放赎回,
2021-12-28,0.9338,1.7895,-0.01%,开放申购,开放赎回,
2021-12-27,0.9339,1.7896,0.41%,开放申购,开放赎回,
2021-12-24,0.9301,1.7858,-0.69%,开放申购,开放赎回,
2021-12-23,0.9366,1.7923,-0.89%,开放申购,开放赎回,
2021-12-22,0.945,1.8007,-1.38%,开放申购,开放赎回,
2021-12-21,0.9582,1.8139,4.34%,开放申购,开放赎回,
2021-12-20,0.9183,1.774,0.33%,开放申购,开放赎回,
2021-12-17,0.9153,1.771,-0.30%,开放申购,开放赎回,
2021-12-16,0.9181,1.7738,0.56%,开放申购,开放赎回,
2021-12-15,0.913,1.7687,0.75%,开放申购,开放赎回,
2021-12-14,0.9062,1.7619,-1.18%,开放申购,开放赎回,
2021-12-13,0.917,1.7727,-0.88%,开放申购,开放赎回,
2021-12-10,0.9251,1.7808,-0.94%,开放申购,开放赎回,
2021-12-09,0.9339,1.7896,1.94%,开放申购,开放赎回,
2021-12-08,0.9161,1.7718,0.01%,开放申购,开放赎回,
2021-12-07,0.916,1.7717,0.91%,开放申购,开放赎回,
2021-12-06,0.9077,1.7634,0.34%,开放申购,开放赎回,
2021-12-03,0.9046,1.7603,1.16%,开放申购,开放赎回,
2021-12-02,0.8942,1.7499,0.75%,开放申购,开放赎回,
2021-12-01,0.8875,1.7432,1.20%,开放申购,开放赎回,
2021-11-30,0.877,1.7327,-0.43%,开放申购,开放赎回,
2021-11-29,0.8808,1.7365,-1.20%,开放申购,开放赎回,
2021-11-26,0.8915,1.7472,-0.86%,开放申购,开放赎回,
2021-11-25,0.8992,1.7549,-0.63%,开放申购,开放赎回,
2021-11-24,0.9049,1.7606,1.00%,开放申购,开放赎回,
2021-11-23,0.8959,1.7516,0.91%,开放申购,开放赎回,
2021-11-22,0.8878,1.7435,-2.14%,开放申购,开放赎回,
2021-11-19,0.9072,1.7629,3.48%,开放申购,开放赎回,
2021-11-18,0.8767,1.7324,-1.48%,开放申购,开放赎回,
2021-11-17,0.8899,1.7456,0.19%,开放申购,开放赎回,
2021-11-16,0.8882,1.7439,-0.97%,开放申购,开放赎回,
2021-11-15,0.8969,1.7526,-0.99%,开放申购,开放赎回,
2021-11-12,0.9059,1.7616,-0.94%,开放申购,开放赎回,
2021-11-11,0.9145,1.7702,6.04%,开放申购,开放赎回,
2021-11-10,0.8624,1.7181,3.01%,开放申购,开放赎回,
2021-11-09,0.8372,1.6929,-0.11%,开放申购,开放赎回,
2021-11-08,0.8381,1.6938,0.88%,开放申购,开放赎回,
2021-11-05,0.8308,1.6865,-1.74%,开放申购,开放赎回,
2021-11-04,0.8455,1.7012,-0.51%,开放申购,开放赎回,
2021-11-03,0.8498,1.7055,1.75%,开放申购,开放赎回,
2021-09-28,0.9329,1.7886,3.52%,开放申购,开放赎回,
2021-09-27,0.9012,1.7569,-2.87%,开放申购,开放赎回,
2021-09-24,0.9278,1.7835,-0.81%,开放申购,开放赎回,
2021-09-23,0.9354,1.7911,1.95%,开放申购,开放赎回,
2021-09-22,0.9175,1.7732,2.81%,开放申购,开放赎回,
2021-09-17,0.8924,1.7481,0.90%,开放申购,开放赎回,
2021-09-16,0.8844,1.7401,-2.14%,开放申购,开放赎回,
2021-09-15,0.9037,1.7594,-1.39%,开放申购,开放赎回,
2021-09-14,0.9164,1.7721,-2.54%,开放申购,开放赎回,
2021-09-13,0.9403,1.796,2.18%,开放申购,开放赎回,
2021-09-10,0.9202,1.7759,0.69%,开放申购,开放赎回,
2021-09-09,0.9139,1.7696,0.27%,开放申购,开放赎回,
2021-09-08,0.9114,1.7671,-0.12%,开放申购,开放赎回,
2021-09-07,0.9125,1.7682,0.04%,开放申购,开放赎回,
2021-09-06,0.9121,1.7678,-0.94%,开放申购,开放赎回,
2021-09-03,0.9208,1.7765,0.47%,开放申购,开放赎回,
2021-09-02,0.9165,1.7722,1.44%,开放申购,开放赎回,
2021-09-01,0.9035,1.7592,3.34%,开放申购,开放赎回,
2021-08-31,0.8743,1.73,2.45%,开放申购,开放赎回,
2021-08-30,0.8534,1.7091,-2.12%,开放申购,开放赎回,
2021-08-27,0.8719,1.7276,-0.51%,开放申购,开放赎回,
2021-08-26,0.8764,1.7321,-1.04%,开放申购,开放赎回,
2021-08-25,0.8856,1.7413,-0.38%,开放申购,开放赎回,
2021-08-24,0.889,1.7447,0.51%,开放申购,开放赎回,
2021-08-23,0.8845,1.7402,-0.19%,开放申购,开放赎回,
2021-08-20,0.8862,1.7419,0.09%,开放申购,开放赎回,
2021-08-19,0.8854,1.7411,-1.53%,开放申购,开放赎回,
2021-08-18,0.8992,1.7549,0.95%,开放申购,开放赎回,
2021-08-17,0.8907,1.7464,-0.02%,开放申购,开放赎回,
2021-08-16,0.8909,1.7466,1.58%,开放申购,开放赎回,
2021-08-13,0.877,1.7327,-0.37%,开放申购,开放赎回,
2021-08-12,0.8803,1.736,-1.08%,开放申购,开放赎回,
2021-08-11,0.8899,1.7456,3.18%,开放申购,开放赎回,
2021-08-10,0.8625,1.7182,0.26%,开放申购,开放赎回,
2021-08-09,0.8603,1.716,3.38%,开放申购,开放赎回,
2021-08-06,0.8322,1.6879,0.00%,开放申购,开放赎回,
2021-08-05,0.8322,1.6879,1.44%,开放申购,开放赎回,
2021-08-04,0.8204,1.6761,-0.39%,开放申购,开放赎回,
2021-08-03,0.8236,1.6793,-0.12%,开放申购,开放赎回,
2021-08-02,0.8246,1.6803,1.22%,开放申购,开放赎回,
2021-07-02,0.9159,1.7716,-1.93%,开放申购,开放赎回,
2021-07-01,0.9339,1.7896,2.21%,开放申购,开放赎回,
2021-06-30,0.9137,1.7694,0.07%,开放申购,开放赎回,
2021-06-29,0.9131,1.7688,-0.62%,开放申购,开放赎回,
2021-06-28,0.9188,1.7745,-1.19%,开放申购,开放赎回,
2021-06-25,0.9299,1.7856,0.46%,开放申购,开放赎回,
2021-06-24,0.9256,1.7813,-0.32%,开放申购,开放赎回,
2021-06-23,0.9286,1.7843,0.38%,开放申购,开放赎回,
2021-06-22,0.9251,1.7808,-0.15%,开放申购,开放赎回,
2021-06-21,0.9265,1.7822,-0.38%,开放申购,开放赎回,
2021-06-18,0.93,1.7857,-0.39%,开放申购,开放赎回,
2021-06-17,0.9336,1.7893,0.18%,开放申购,开放赎回,
2021-06-16,0.9319,1.7876,0.42%,开放申购,开放赎回,
2021-06-15,0.928,1.7837,-1.88%,开放申购,开放赎回,
2021-06-11,0.9458,1.8015,-0.57%,开放申购,开放赎回,
2021-06-10,0.9512,1.8069,-0.51%,开放申购,开放赎回,
2021-06-09,0.9561,1.8118,-0.52%,开放申购,开放赎回,
2021-06-08,0.9611,1.8168,0.60%,开放申购,开放赎回,
2021-06-07,0.9554,1.8111,-1.38%,开放申购,开放赎回,
2021-06-04,0.9688,1.8245,-0.82%,开放申购,开放赎回,
2021-06-03,0.9768,1.8325,0.54%,开放申购,开放赎回,
2021-06-02,0.9716,1.8273,0.02%,开放申购,开放赎回,
2021-06-01,0.9714,1.8271,-0.36%,开放申购,开放赎回,
2021-05-31,0.9749,1.8306,-0.29%,开放申购,开放赎回,
2021-05-28,0.9777,1.8334,-0.69%,开放申购,开放赎回,
2021-05-27,0.9845,1.8402,0.41%,开放申购,开放赎回,
2021-05-26,0.9805,1.8362,1.13%,开放申购,开放赎回,
2021-05-25,0.9695,1.8252,1.30%,开放申购,开放赎回,
2021-05-24,0.9571,1.8128,0.23%,开放申购,开放赎回,
2021-05-21,0.9549,1.8106,-0.74%,开放申购,开放赎回,
2021-05-20,0.962,1.8177,-0.15%,开放申购,开放赎回,
2021-05-19,0.9634,1.8191,-0.76%,开放申购,开放赎回,
2021-05-18,0.9708,1.8265,1.01%,开放申购,开放赎回,
2021-05-17,0.9611,1.8168,0.34%,开放申购,开放赎回,
2021-05-14,0.9578,1.8135,1.09%,开放申购,开放赎回,
2021-05-13,0.9475,1.8032,0.47%,开放申购,开放赎回,
2021-05-12,0.9431,1.7988,-0.59%,开放申购,开放赎回,
2021-05-11,0.9487,1.8044,1.14%,开放申购,开放赎回,
2021-05-10,0.938,1.7937,-1.26%,开放申购,开放赎回,
2021-05-07,0.95,1.8057,-0.46%,开放申购,开放赎回,
2021-04-02,0.9797,1.8354,0.68%,开放申购,开放赎回,
2021-04-01,0.9731,1.8288,-0.01%,开放申购,开放赎回,
2021-03-31,0.9732,1.8289,-0.85%,开放申购,开放赎回,
2021-03-30,0.9815,1.8372,0.23%,开放申购,开放赎回,
2021-03-29,0.9792,1.8349,0.04%,开放申购,开放赎回,
2021-03-26,0.9788,1.8345,0.40%,开放申购,开放赎回,
2021-03-25,0.9749,1.8306,-0.36%,开放申购,开放赎回,
2021-03-24,0.9784,1.8341,-1.20%,开放申购,开放赎回,
2021-03-23,0.9903,1.846,-0.75%,开放申购,开放赎回,
2021-03-22,0.9978,1.8535,1.21%,开放申购,开放赎回,
2021-03-19,0.9859,1.8416,-2.29%,开放申购,开放赎回,
2021-03-18,1.009,1.8647,-0.19%,开放申购,开放赎回,
2021-03-17,1.0109,1.8666,-0.39%,开放申购,开放赎回,
2021-03-16,1.0149,1.8706,2.81%,开放申购,开放赎回,
2021-03-15,0.9872,1.8429,-0.38%,开放申购,开放赎回,
2021-03-12,0.991,1.8467,1.07%,开放申购,开放赎回,
2021-03-11,0.9805,1.8362,1.18%,开放申购,开放赎回,
2021-03-10,0.9691,1.8248,-1.04%,开放申购,开放赎回,
2021-03-09,0.9793,1.835,-1.10%,开放申购,开放赎回,
2021-03-08,0.9902,1.8459,-1.17%,开放申购,开放赎回,
2021-03-05,1.0019,1.8576,-1.32%,开放申购,开放赎回,
2021-03-04,1.0153,1.871,-1.50%,开放申购,开放赎回,
2021-03-03,1.0308,1.8865,0.68%,开放申购,开放赎回,
2021-03-02,1.0238,1.8795,-0.72%,开放申购,开放赎回,
2021-03-01,1.0312,1.8869,0.89%,开放申购,开放赎回,
2021-02-26,1.0221,1.8778,-2.14%,开放申购,开放赎回,
2021-02-25,1.0444,1.9001,5.82%,开放申购,开放赎回,
2021-02-24,0.987,1.8427,0.14%,开放申购,开放赎回,
2021-02-23,0.9856,1.8413,-0.84%,开放申购,开放赎回,
2021-02-22,0.9939,1.8496,0.34%,开放申购,开放赎回,
2021-02-19,0.9905,1.8462,1.30%,开放申购,开放赎回,
2021-02-18,0.9778,1.8335,2.74%,开放申购,开放赎回,
2021-02-10,0.9517,1.8074,-0.18%,开放申购,开放赎回,
2021-02-09,0.9534,1.8091,-0.12%,开放申购,开放赎回,
2021-02-08,0.9545,1.8102,0.29%,开放申购,开放赎回,
2021-02-05,0.9517,1.8074,1.66%,开放申购,开放赎回,
2021-02-04,0.9362,1.7919,-1.04%,开放申购,开放赎回,
2021-02-03,0.946,1.8017,-0.96%,开放申购,开放赎回,
2021-02-02,0.9552,1.8109,0.36%,开放申购,开放赎回,
2021-02-01,0.9518,1.8075,0.66%,开放申购,开放赎回,
2020-12-31,1.0172,1.8729,1.20%,暂停申购,暂停赎回,
2020-12-30,1.0051,1.8608,-0.42%,限制大额申购,开放赎回,
2020-12-29,1.0093,1.865,0.98%,限制大额申购,开放赎回,
2020-12-28,0.9995,1.8552,-0.60%,限制大额申购,开放赎回,
2020-12-25,1.0055,1.8612,0.12%,限制大额申购,开放赎回,
2020-12-24,1.0043,1.86,-1.12%,限制大额申购,开放赎回,
2020-12-23,1.0157,1.8714,-0.46%,限制大额申购,开放赎回,
2020-12-22,1.0204,1.8761,-0.82%,限制大额申购,开放赎回,
2020-12-21,1.0288,1.8845,-0.39%,限制大额申购,开放赎回,
2020-12-18,1.0328,1.8885,-0.76%,限制大额申购,开放赎回,
2020-12-17,1.0407,1.8964,0.66%,限制大额申购,开放赎回,
2020-12-16,1.0339,1.8896,-0.14%,限制大额申购,开放赎回,
2020-12-15,1.0353,1.891,-0.99%,限制大额申购,开放赎回,
2020-12-14,1.0457,1.9014,0.91%,限制大额申购,开放赎回,
2020-12-11,1.0363,1.892,-0.96%,限制大额申购,开放赎回,
2020-12-10,1.0463,1.902,-0.07%,限制大额申购,开放赎回,
2020-12-09,1.047,1.9027,-1.31%,限制大额申购,开放赎回,
2020-12-08,1.0609,1.9166,-0.53%,限制大额申购,开放赎回,
2020-12-07,1.0665,1.9222,-1.61%,限制大额申购,开放赎回,
2020-12-04,1.0839,1.9396,-1.27%,限制大额申购,开放赎回,
2020-12-03,1.0978,1.9535,-0.52%,限制大额申购,开放赎回,
2020-12-02,1.1035,1.9592,0.79%,限制大额申购,开放赎回,
2020-12-01,1.0949,1.9506,0.49%,限制大额申购,开放赎回,
2020-11-30,1.0896,1.9453,-0.69%,限制大额申购,开放赎回,
2020-11-27,1.0972,1.9529,1.83%,限制大额申购,开放赎回,
2020-11-26,1.0775,1.9332,-0.18%,限制大额申购,开放赎回,
2020-11-25,1.0794,1.9351,-0.46%,限制大额申购,开放赎回,
2020-11-24,1.0844,1.9401,-0.71%,限制大额申购,开放赎回,
2020-11-23,1.0922,1.9479,0.17%,限制大额申购,开放赎回,
2020-11-20,1.0904,1.9461,-0.47%,限制大额申购,开放赎回,
2020-11-19,1.0955,1.9512,0.19%,限制大额申购,开放赎回,
2020-11-18,1.0934,1.9491,0.96%,限制大额申购,开放赎回,
2020-11-17,1.083,1.9387,2.05%,限制大额申购,开放赎回,
2020-11-16,1.0612,1.9169,0.81%,限制大额申购,开放赎回,
2020-11-13,1.0527,1.9084,-1.80%,限制大额申购,开放赎回,
2020-11-12,1.072,1.9277,-0.65%,限制大额申购,开放赎回,
2020-11-11,1.079,1.9347,0.88%,限制大额申购,开放赎回,
2020-11-10,1.0696,1.9253,-0.37%,限制大额申购,开放赎回,
2020-11-09,1.0736,1.9293,0.64%,限制大额申购,开放赎回,
2020-11-06,1.0668,1.9225,0.30%,限制大额申购,开放赎回,
2020-09-30,1.0814,1.9371,-0.80%,限制大额申购,开放赎回,
2020-09-29,1.0901,1.9458,-0.26%,限制大额申购,开放赎回,
2020-09-28,1.0929,1.9486,0.55%,限制大额申购,开放赎回,
2020-09-25,1.0869,1.9426,-1.96%,限制大额申购,开放赎回,
2020-09-24,1.1086,1.9643,-1.69%,限制大额申购,开放赎回,
2020-09-23,1.1277,1.9834,-0.64%,限制大额申购,开放赎回,
2020-09-22,1.135,1.9907,-1.18%,限制大额申购,开放赎回,
2020-09-21,1.1486,2.0043,-0.67%,限制大额申购,开放赎回,
2020-09-18,1.1563,2.012,2.86%,限制大额申购,开放赎回,
2020-09-17,1.1242,1.9799,-0.49%,限制大额申购,开放赎回,
2020-09-16,1.1297,1.9854,0.94%,限制大额申购,开放赎回,
2020-09-15,1.1192,1.9749,0.77%,限制大额申购,开放赎回,
2020-09-14,1.1107,1.9664,-0.35%,限制大额申购,开放赎回,
2020-09-11,1.1146,1.9703,-0.42%,限制大额申购,开放赎回,
2020-09-10,1.1193,1.975,0.68%,限制大额申购,开放赎回,
2020-09-09,1.1117,1.9674,-1.18%,限制大额申购,开放赎回,
2020-09-08,1.125,1.9807,0.05%,限制大额申购,开放赎回,
2020-09-07,1.1244,1.9801,-0.26%,限制大额申购,开放赎回,
2020-09-04,1.1273,1.983,0.09%,限制大额申购,开放赎回,
2020-09-03,1.1263,1.982,-0.36%,限制大额申购,开放赎回,
2020-09-02,1.1304,1.9861,0.21%,限制大额申购,开放赎回,
2020-09-01,1.128,1.9837,-0.27%,限制大额申购,开放赎回,
2020-08-31,1.131,1.9867,-0.61%,限制大额申购,开放赎回,
2020-08-28,1.1379,1.9936,1.52%,限制大额申购,开放赎回,
2020-08-27,1.1209,1.9766,-0.80%,限制大额申购,开放赎回,
2020-08-26,1.1299,1.9856,-0.88%,限制大额申购,开放赎回,
2020-08-25,1.1399,1.9956,-0.21%,限制大额申购,开放赎回,
2020-08-24,1.1423,1.998,0.11%,限制大额申购,开放赎回,
2020-08-21,1.141,1.9967,0.16%,限制大额申购,开放赎回,
2020-08-20,1.1392,1.9949,-0.51%,限制大额申购,开放赎回,
2020-08-19,1.145,2.0007,-1.29%,限制大额申购,开放赎回,
2020-08-18,1.16,2.0157,-0.43%,限制大额申购,开放赎回,
2020-08-17,1.165,2.0207,1.81%,限制大额申购,开放赎回,
2020-08-14,1.1443,2.0,1.62%,限制大额申购,开放赎回,
2020-08-13,1.1261,1.9818,-0.12%,限制大额申购,开放赎回,
2020-08-12,1.1275,1.9832,0.88%,限制大额申购,开放赎回,
2020-08-11,1.1177,1.9734,-0.65%,限制大额申购,开放赎回,
2020-08-10,1.125,1.9807,2.09%,限制大额申购,开放赎回,
2020-08-07,1.102,1.9577,-0.85%,限制大额申购,开放赎回,
2020-08-06,1.1114,1.9671,0.31%,限制大额申购,开放赎回,
2020-07-08,1.1681,2.0238,0.76%,限制大额申购,开放赎回,
2020-07-07,1.1593,2.015,-0.81%,限制大额申购,开放赎回,
2020-07-06,1.1688,2.0245,5.43%,限制大额申购,开放赎回,
2020-07-03,1.1086,1.9643,0.43%,限制大额申购,开放赎回,
2020-07-02,1.1038,1.9595,3.66%,限制大额申购,开放赎回,
2020-07-01,1.0648,1.9205,4.73%,限制大额申购,开放赎回,
2020-06-30,1.0167,1.8724,1.67%,限制大额申购,开放赎回,
2020-06-29,1.0,1.8557,-1.18%,限制大额申购,开放赎回,
2020-06-24,1.0119,1.8676,1.42%,限制大额申购,开放赎回,
2020-06-23,0.9977,1.8534,-0.60%,限制大额申购,开放赎回,
2020-06-22,1.0037,1.8594,-0.51%,限制大额申购,开放赎回,
2020-06-19,1.0088,1.8645,0.49%,限制大额申购,开放赎回,
2020-06-18,1.0039,1.8596,0.54%,限制大额申购,开放赎回,
2020-06-17,0.9985,1.8542,-0.45%,限制大额申购,开放赎回,
2020-06-16,1.003,1.8587,1.54%,限制大额申购,开放赎回,
2020-06-15,0.9878,1.8435,-0.61%,限制大额申购,开放赎回,
2020-06-12,0.9939,1.8496,-0.10%,限制大额申购,开放赎回,
2020-06-11,0.9949,1.8506,-0.77%,限制大额申购,开放赎回,
2020-06-10,1.0026,1.8583,-0.97%,限制大额申购,开放赎回,
2020-06-09,1.0124,1.8681,-0.06%,限制大额申购,开放赎回,
2020-06-08,1.013,1.8687,1.00%,限制大额申购,开放赎回,
2020-06-05,1.003,1.8587,-0.24%,限制大额申购,开放赎回,
2020-06-04,1.0054,1.8611,-0.34%,限制大额申购,开放赎回,
2020-06-03,1.0088,1.8645,-0.39%,限制大额申购,开放赎回,
2020-06-02,1.0127,1.8684,2.00%,限制大额申购,开放赎回,
2020-06-01,0.9928,1.8485,2.60%,限制大额申购,开放赎回,
2020-05-29,0.9676,1.8233,-0.61%,限制大额申购,开放赎回,
2020-05-28,0.9735,1.8292,0.47%,限制大额申购,开放赎回,
2020-05-27,0.9689,1.8246,0.30%,限制大额申购,开放赎回,
2020-05-26,0.966,1.8217,0.87%,限制大额申购,开放赎回,
2020-05-25,0.9577,1.8134,1.10%,限制大额申购,开放赎回,
2020-05-22,0.9473,1.803,-1.73%,限制大额申购,开放赎回,
2020-05-21,0.964,1.8197,-0.30%,限制大额申购,开放赎回,
2020-05-20,0.9669,1.8226,-0.82%,限制大额申购,开放赎回,
2020-05-19,0.9749,1.8306,-0.10%,限制大额申购,开放赎回,
2020-05-18,0.9759,1.8316,0.82%,限制大额申购,开放赎回,
2020-05-15,0.968,1.8237,0.21%,限制大额申购,开放赎回,
2020-05-14,0.966,1.8217,-1.33%,限制大额申购,开放赎回,
2020-05-13,0.979,1.8347,0.19%,限制大额申购,开放赎回,
2020-05-12,0.9771,1.8328,-0.77%,限制大额申购,开放赎回,
2020-04-08,0.9706,1.8263,-0.50%,限制大额申购,开放赎回,
2020-04-07,0.9755,1.8312,1.27%,限制大额申购,开放赎回,
2020-04-03,0.9633,1.819,-0.22%,限制大额申购,开放赎回,
2020-04-02,0.9654,1.8211,0.91%,限制大额申购,开放赎回,
2020-04-01,0.9567,1.8124,0.53%,限制大额申购,开放赎回,
2020-03-31,0.9517,1.8074,-0.77%,限制大额申购,开放赎回,
2020-03-30,0.9591,1.8148,-1.10%,限制大额申购,开放赎回,
2020-03-27,0.9698,1.8255,0.92%,限制大额申购,开放赎回,
2020-03-26,0.961,1.8167,-0.77%,限制大额申购,开放赎回,
2020-03-25,0.9685,1.8242,4.07%,限制大额申购,开放赎回,
2020-03-24,0.9306,1.7863,2.06%,限制大额申购,开放赎回,
2020-03-23,0.9118,1.7675,-3.92%,限制大额申购,开放赎回,
2020-03-20,0.949,1.8047,2.51%,限制大额申购,开放赎回,
2020-03-19,0.9258,1.7815,-1.98%,限制大额申购,开放赎回,
2020-03-18,0.9445,1.8002,-3.46%,限制大额申购,开放赎回,
2020-03-17,0.9783,1.834,-1.17%,限制大额申购,开放赎回,
2020-03-16,0.9899,1.8456,-3.02%,限制大额申购,开放赎回,
2020-03-13,1.0207,1.8764,-1.05%,限制大额申购,开放赎回,
2020-03-12,1.0315,1.8872,-1.24%,限制大额申购,开放赎回,
2020-03-11,1.0444,1.9001,-0.74%,限制大额申购,开放赎回,
2020-03-10,1.0522,1.9079,1.21%,限制大额申购,开放赎回,
2020-03-09,1.0396,1.8953,-2.47%,限制大额申购,开放赎回,
2020-03-06,1.0659,1.9216,-2.41%,限制大额申购,开放赎回,
2020-03-05,1.0922,1.9479,0.81%,限制大额申购,开放赎回,
2020-03-04,1.0834,1.9391,2.95%,限制大额申购,开放赎回,
2020-03-03,1.0524,1.9081,-0.13%,限制大额申购,开放赎回,
2020-03-02,1.0538,1.9095,4.09%,限制大额申购,开放赎回,
2020-02-28,1.0124,1.8681,-1.53%,限制大额申购,开放赎回,
2020-02-27,1.0281,1.8838,-0.98%,限制大额申购,开放赎回,
2020-02-26,1.0383,1.894,2.19%,限制大额申购,开放赎回,
2020-02-25,1.016,1.8717,0.00%,限制大额申购,开放赎回,
2020-02-24,1.016,1.8717,-1.40%,限制大额申购,开放赎回,
2020-02-21,1.0304,1.8861,-0.58%,限制大额申购,开放赎回,
2020-02-20,1.0364,1.8921,0.89%,限制大额申购,开放赎回,
2020-02-19,1.0273,1.883,0.16%,限制大额申购,开放赎回,
2020-02-18,1.0257,1.8814,-0.82%,限制大额申购,开放赎回,
2020-02-17,1.0342,1.8899,0.71%,限制大额申购,开放赎回,
2020-02-14,1.0269,1.8826,2.63%,限制大额申购,开放赎回,
2020-02-13,1.0006,1.8563,1.53%,限制大额申购,开放赎回,
2020-02-12,0.9855,1.8412,0.23%,限制大额申购,开放赎回,
2020-01-06,1.0743,1.93,-1.08%,限制大额申购,开放赎回,
2020-01-03,1.086,1.9417,-0.83%,暂停申购,暂停赎回,
2020-01-02,1.0951,1.9508,1.04%,暂停申购,暂停赎回,每份基金份额折算1.025111858份
2019-12-31,1.111,1.9392,0.42%,限制大额申购,开放赎回,
2019-12-30,1.1064,1.9346,1.63%,限制大额申购,开放赎回,
2019-12-27,1.0887,1.9169,-0.19%,限制大额申购,开放赎回,
2019-12-26,1.0908,1.919,2.18%,限制大额申购,开放赎回,
2019-12-25,1.0675,1.8957,-0.25%,限制大额申购,开放赎回,
2019-12-24,1.0702,1.8984,-0.55%,限制大额申购,开放赎回,
2019-12-23,1.0761,1.9043,-2.13%,限制大额申购,开放赎回,
2019-12-20,1.0995,1.9277,0.71%,限制大额申购,开放赎回,
2019-12-19,1.0917,1.9199,0.38%,限制大额申购,开放赎回,
2019-12-18,1.0876,1.9158,-0.33%,限制大额申购,开放赎回,
2019-12-17,1.0912,1.9194,1.73%,限制大额申购,开放赎回,
2019-12-16,1.0726,1.9008,1.23%,限制大额申购,开放赎回,
2019-12-13,1.0596,1.8878,1.15%,限制大额申购,开放赎回,
2019-12-12,1.0476,1.8758,-0.53%,限制大额申购,开放赎回,
2019-12-11,1.0532,1.8814,0.45%,限制大额申购,开放赎回,
2019-12-10,1.0485,1.8767,-0.35%,限制大额申购,开放赎回,
2019-12-09,1.0522,1.8804,1.94%,限制大额申购,开放赎回,
2019-12-06,1.0322,1.8604,0.31%,限制大额申购,开放赎回,
2019-12-05,1.029,1.8572,0.13%,限制大额申购,开放赎回,
2019-12-04,1.0277,1.8559,-0.68%,限制大额申购,开放赎回,
2019-12-03,1.0347,1.8629,0.31%,限制大额申购,开放赎回,
2019-12-02,1.0315,1.8597,1.57%,限制大额申购,开放赎回,
2019-11-29,1.0156,1.8438,-0.21%,限制大额申购,开放赎回,
2019-11-28,1.0177,1.8459,-0.81%,限制大额申购,开放赎回,
2019-11-27,1.026,1.8542,-0.46%,限制大额申购,开放赎回,
2019-11-26,1.0307,1.8589,-0.47%,限制大额申购,开放赎回,
2019-11-25,1.0356,1.8638,2.57%,限制大额申购,开放赎回,
2019-11-22,1.0097,1.8379,-0.06%,限制大额申购,开放赎回,
2019-11-21,1.0103,1.8385,-0.15%,限制大额申购,开放赎回,
2019-11-20,1.0118,1.84,-0.74%,限制大额申购,开放赎回,
2019-11-19,1.0193,1.8475,1.38%,限制大额申购,开放赎回,
2019-11-18,1.0054,1.8336,0.85%,限制大额申购,开放赎回,
2019-11-15,0.9969,1.8251,-0.70%,限制大额申购,开放赎回,
2019-11-14,1.0039,1.8321,-0.03%,限制大额申购,开放赎回,
2019-11-13,1.0042,1.8324,-0.76%,限制大额申购,开放赎回,
2019-11-12,1.0119,1.8401,0.12%,限制大额申购,开放赎回,
2019-11-11,1.0107,1.8389,-2.22%,限制大额申购,开放赎回,
2019-10-11,1.0466,1.8748,0.54%,限制大额申购,开放赎回,
2019-10-10,1.041,1.8692,0.18%,限制大额申购,开放赎回,
2019-10-09,1.0391,1.8673,1.84%,限制大额申购,开放赎回,
2019-10-08,1.0203,1.8485,2.08%,限制大额申购,开放赎回,
2019-09-30,0.9995,1.8277,-0.18%,限制大额申购,开放赎回,
2019-09-27,1.0013,1.8295,-0.53%,限制大额申购,开放赎回,
2019-09-26,1.0066,1.8348,-0.22%,限制大额申购,开放赎回,
2019-09-25,1.0088,1.837,-0.53%,限制大额申购,开放赎回,
2019-09-24,1.0142,1.8424,-0.14%,限制大额申购,开放赎回,
2019-09-23,1.0156,1.8438,-1.53%,限制大额申购,开放赎回,
2019-09-20,1.0314,1.8596,-0.26%,限制大额申购,开放赎回,
2019-09-19,1.0341,1.8623,-0.21%,限制大额申购,开放赎回,
2019-09-18,1.0363,1.8645,1.00%,限制大额申购,开放赎回,
2019-09-17,1.026,1.8542,-1.45%,限制大额申购,开放赎回,
2019-09-16,1.0411,1.8693,-0.53%,限制大额申购,开放赎回,
2019-09-12,1.0466,1.8748,2.22%,限制大额申购,开放赎回,
2019-09-11,1.0239,1.8521,-0.32%,限制大额申购,开放赎回,
2019-09-10,1.0272,1.8554,-0.27%,限制大额申购,开放赎回,
2019-09-09,1.03,1.8582,0.98%,限制大额申购,开放赎回,
2019-09-06,1.02,1.8482,0.31%,限制大额申购,开放赎回,
2019-09-05,1.0168,1.845,0.00%,限制大额申购,开放赎回,
2019-09-04,1.0168,1.845,2.70%,限制大额申购,开放赎回,
2019-09-03,0.9901,1.8183,-0.44%,限制大额申购,开放赎回,
2019-09-02,0.9945,1.8227,0.84%,限制大额申购,开放赎回,
2019-08-30,0.9862,1.8144,-0.78%,限制大额申购,开放赎回,
2019-08-29,0.994,1.8222,-1.82%,限制大额申购,开放赎回,
2019-08-28,1.0124,1.8406,-0.20%,限制大额申购,开放赎回,
2019-08-27,1.0144,1.8426,0.76%,限制大额申购,开放赎回,
2019-08-26,1.0067,1.8349,-1.29%,限制大额申购,开放赎回,
2019-08-23,1.0199,1.8481,-0.15%,限制大额申购,开放赎回,
2019-08-22,1.0214,1.8496,-0.63%,限制大额申购,开放赎回,
2019-08-21,1.0279,1.8561,0.30%,限制大额申购,开放赎回,
2019-08-20,1.0248,1.853,0.42%,限制大额申购,开放赎回,
2019-08-19,1.0205,1.8487,2.92%,限制大额申购,开放赎回,
2019-08-16,0.9915,1.8197,-0.15%,限制大额申购,开放赎回,
2019-08-15,0.993,1.8212,0.78%,限制大额申购,开放赎回,
2019-08-14,0.9853,1.8135,-0.05%,限制大额申购,开放赎回,
2019-08-13,0.9858,1.814,-0.97%,限制大额申购,开放赎回,
2019-08-12,0.9955,1.8237,1.70%,限制大额申购,开放赎回,
2019-08-09,0.9789,1.8071,-1.35%,限制大额申购,开放赎回,
2019-07-11,1.0357,1.8639,-0.21%,限制大额申购,开放赎回,
2019-07-10,1.0379,1.8661,-0.89%,限制大额申购,开放赎回,
2019-07-09,1.0472,1.8754,-0.08%,限制大额申购,开放赎回,
2019-07-08,1.048,1.8762,-1.73%,限制大额申购,开放赎回,
2019-07-05,1.0665,1.8947,-0.66%,限制大额申购,开放赎回,
2019-07-04,1.0736,1.9018,-0.37%,限制大额申购,开放赎回,
2019-07-03,1.0776,1.9058,0.89%,限制大额申购,开放赎回,
2019-07-02,1.0681,1.8963,0.54%,限制大额申购,开放赎回,
2019-07-01,1.0624,1.8906,2.19%,限制大额申购,开放赎回,
2019-06-30,1.0395,1.8677,--,限制大额申购,开放赎回,
2019-06-28,1.0396,1.8678,-0.54%,限制大额申购,开放赎回,
2019-06-27,1.0452,1.8734,0.45%,限制大额申购,开放赎回,
2019-06-26,1.0405,1.8687,-0.47%,限制大额申购,开放赎回,
2019-06-25,1.0454,1.8736,-0.42%,限制大额申购,开放赎回,
2019-06-24,1.0498,1.878,-0.13%,限制大额申购,开放赎回,
2019-06-21,1.0512,1.8794,0.23%,限制大额申购,开放赎回,
2019-06-20,1.0488,1.877,1.90%,限制大额申购,开放赎回,
2019-06-19,1.0292,1.8574,0.52%,限制大额申购,开放赎回,
2019-06-18,1.0239,1.8521,-0.48%,限制大额申购,开放赎回,
2019-06-17,1.0288,1.857,0.00%,限制大额申购,开放赎回,
2019-06-14,1.0288,1.857,-0.38%,限制大额申购,开放赎回,
2019-06-13,1.0327,1.8609,-0.46%,限制大额申购,开放赎回,
2019-06-12,1.0375,1.8657,-0.82%,限制大额申购,开放赎回,
2019-06-11,1.0461,1.8743,2.36%,限制大额申购,开放赎回,
2019-06-10,1.022,1.8502,1.39%,限制大额申购,开放赎回,
2019-06-06,1.008,1.8362,-0.85%,限制大额申购,开放赎回,
2019-06-05,1.0166,1.8448,1.20%,限制大额申购,开放赎回,
2019-06-04,1.0045,1.8327,-0.67%,限制大额申购,开放赎回,
2019-06-03,1.0113,1.8395,-0.75%,限制大额申购,开放赎回,
2019-05-31,1.0189,1.8471,0.05%,限制大额申购,开放赎回,
2019-05-30,1.0184,1.8466,-0.67%,限制大额申购,开放赎回,
2019-05-29,1.0253,1.8535,-1.06%,限制大额申购,开放赎回,
2019-05-28,1.0363,1.8645,1.34%,限制大额申购,开放赎回,
2019-05-27,1.0226,1.8508,1.31%,限制大额申购,开放赎回,
2019-05-24,1.0094,1.8376,-0.01%,限制大额申购,开放赎回,
2019-05-23,1.0095,1.8377,-1.49%,限制大额申购,开放赎回,
2019-05-22,1.0248,1.853,-0.57%,限制大额申购,开放赎回,
2019-05-21,1.0307,1.8589,1.46%,限制大额申购,开放赎回,
2019-05-20,1.0159,1.8441,-0.71%,限制大额申购,开放赎回,
2019-05-17,1.0232,1.8514,-3.01%,限制大额申购,开放赎回,
2019-04-15,1.1642,1.9924,-0.42%,限制大额申购,开放赎回,
2019-04-12,1.1691,1.9973,-0.87%,限制大额申购,开放赎回,
2019-04-11,1.1794,2.0076,-1.91%,限制大额申购,开放赎回,
2019-04-10,1.2024,2.0306,-1.12%,限制大额申购,开放赎回,
2019-04-09,1.216,2.0442,3.01%,限制大额申购,开放赎回,
2019-04-08,1.1805,2.0087,-0.88%,限制大额申购,开放赎回,
2019-04-04,1.191,2.0192,0.13%,限制大额申购,开放赎回,
2019-04-03,1.1895,2.0177,1.09%,限制大额申购,开放赎回,
2019-04-02,1.1767,2.0049,0.08%,限制大额申购,开放赎回,
2019-04-01,1.1758,2.004,2.92%,限制大额申购,开放赎回,
2019-03-29,1.1424,1.9706,4.73%,限制大额申购,开放赎回,
2019-03-28,1.0908,1.919,-1.93%,限制大额申购,开放赎回,
2019-03-27,1.1123,1.9405,1.39%,限制大额申购,开放赎回,
2019-03-26,1.0971,1.9253,-1.68%,限制大额申购,开放赎回,
2019-03-25,1.1158,1.944,-2.07%,限制大额申购,开放赎回,
2019-03-22,1.1394,1.9676,0.29%,限制大额申购,开放赎回,
2019-03-21,1.1361,1.9643,0.14%,限制大额申购,开放赎回,
2019-03-20,1.1345,1.9627,0.67%,限制大额申购,开放赎回,
2019-03-19,1.1269,1.9551,-0.51%,限制大额申购,开放赎回,
2019-03-18,1.1327,1.9609,3.52%,限制大额申购,开放赎回,
2019-03-15,1.0942,1.9224,3.06%,限制大额申购,开放赎回,
2019-03-14,1.0617,1.8899,-1.65%,限制大额申购,开放赎回,
2019-03-13,1.0795,1.9077,2.01%,限制大额申购,开放赎回,
2019-03-12,1.0582,1.8864,1.02%,限制大额申购,开放赎回,
2019-03-11,1.0475,1.8757,1.81%,限制大额申购,开放赎回,
2019-03-08,1.0289,1.8571,-4.10%,限制大额申购,开放赎回,
2019-03-07,1.0729,1.9011,-1.18%,限制大额申购,开放赎回,
2019-03-06,1.0857,1.9139,0.14%,限制大额申购,开放赎回,
2019-03-05,1.0842,1.9124,2.54%,限制大额申购,开放赎回,
2019-03-04,1.0573,1.8855,3.12%,限制大额申购,开放赎回,
2019-03-01,1.0253,1.8535,0.74%,限制大额申购,开放赎回,
2019-02-28,1.0178,1.846,-0.37%,限制大额申购,开放赎回,
2019-02-27,1.0216,1.8498,0.84%,限制大额申购,开放赎回,
2019-02-26,1.0131,1.8413,-0.96%,限制大额申购,开放赎回,
2019-02-25,1.0229,1.8511,5.28%,开放申购,开放赎回,
2019-02-22,0.9716,1.7998,1.32%,开放申购,开放赎回,
2019-02-21,0.9589,1.7871,-1.19%,开放申购,开放赎回,
2019-02-20,0.9704,1.7986,1.40%,开放申购,开放赎回,
2019-02-19,0.957,1.7852,-0.19%,开放申购,开放赎回,
2019-02-18,0.9588,1.787,2.45%,开放申购,开放赎回,
2019-01-11,0.8911,1.7193,0.72%,开放申购,开放赎回,
2019-01-10,0.8847,1.7129,-0.86%,开放申购,开放赎回,
2019-01-09,0.8924,1.7206,0.57%,开放申购,开放赎回,
2019-01-08,0.8873,1.7155,-0.52%,开放申购,开放赎回,
2019-01-07,0.8919,1.7201,0.61%,开放申购,开放赎回,
2019-01-04,0.8865,1.7147,2.26%,开放申购,开放赎回,
2019-01-03,0.8669,1.6951,-0.25%,暂停申购,暂停赎回,
2019-01-02,0.8691,1.6973,-1.81%,暂停申购,暂停赎回,每份基金份额折算1.016224231份
2018-12-31,0.8994,1.7135,--,开放申购,开放赎回,
2018-12-28,0.8995,1.7136,0.63%,开放申购,开放赎回,
2018-12-27,0.8939,1.708,-0.78%,开放申购,开放赎回,
2018-12-26,0.9009,1.715,-0.25%,开放申购,开放赎回,
2018-12-25,0.9032,1.7173,-0.41%,开放申购,开放赎回,
2018-12-24,0.9069,1.721,-0.20%,开放申购,开放赎回,
2018-12-21,0.9087,1.7228,-2.42%,开放申购,开放赎回,
2018-12-20,0.9312,1.7453,0.10%,开放申购,开放赎回,
2018-12-19,0.9303,1.7444,-0.44%,开放申购,开放赎回,
2018-12-18,0.9344,1.7485,-2.46%,开放申购,开放赎回,
2018-12-17,0.958,1.7721,0.44%,开放申购,开放赎回,
2018-12-14,0.9538,1.7679,-2.12%,开放申购,开放赎回,
2018-12-13,0.9745,1.7886,1.97%,开放申购,开放赎回,
2018-12-12,0.9557,1.7698,0.84%,开放申购,开放赎回,
2018-12-11,0.9477,1.7618,2.14%,开放申购,开放赎回,
2018-12-10,0.9278,1.7419,-1.48%,开放申购,开放赎回,
2018-12-07,0.9417,1.7558,0.43%,开放申购,开放赎回,
2018-12-06,0.9377,1.7518,-1.11%,开放申购,开放赎回,
2018-12-05,0.9482,1.7623,0.14%,开放申购,开放赎回,
2018-12-04,0.9469,1.761,-1.12%,开放申购,开放赎回,
2018-12-03,0.9576,1.7717,1.17%,开放申购,开放赎回,
2018-11-30,0.9465,1.7606,0.60%,开放申购,开放赎回,
2018-11-29,0.9409,1.755,-2.25%,开放申购,开放赎回,
2018-11-28,0.9626,1.7767,1.77%,开放申购,开放赎回,
2018-11-27,0.9459,1.76,-0.67%,开放申购,开放赎回,
2018-11-26,0.9523,1.7664,0.38%,开放申购,开放赎回,
2018-11-23,0.9487,1.7628,-3.38%,开放申购,开放赎回,
2018-11-22,0.9819,1.796,-0.68%,开放申购,开放赎回,
2018-11-21,0.9886,1.8027,1.20%,开放申购,开放赎回,
2018-11-20,0.9769,1.791,-2.62%,开放申购,开放赎回,
2018-11-19,1.0032,1.8173,3.40%,开放申购,开放赎回,
2018-11-16,0.9702,1.7843,1.85%,开放申购,开放赎回,
2018-10-18,0.8005,1.6146,-1.91%,开放申购,开放赎回,
2018-10-17,0.8161,1.6302,0.92%,开放申购,开放赎回,
2018-10-16,0.8087,1.6228,-2.71%,开放申购,开放赎回,
2018-10-15,0.8312,1.6453,-2.26%,开放申购,开放赎回,
2018-10-12,0.8504,1.6645,1.46%,开放申购,开放赎回,
2018-10-11,0.8382,1.6523,-6.09%,开放申购,开放赎回,
2018-10-10,0.8926,1.7067,0.16%,开放申购,开放赎回,
2018-10-09,0.8912,1.7053,-0.66%,开放申购,开放赎回,
2018-10-08,0.8971,1.7112,-4.93%,开放申购,开放赎回,
2018-09-28,0.9436,1.7577,0.01%,开放申购,开放赎回,
2018-09-27,0.9435,1.7576,-0.88%,开放申购,开放赎回,
2018-09-26,0.9519,1.766,0.07%,开放申购,开放赎回,
2018-09-25,0.9512,1.7653,-3.47%,开放申购,开放赎回,
2018-09-21,0.9854,1.7995,3.22%,开放申购,开放赎回,
2018-09-20,0.9547,1.7688,-0.38%,开放申购,开放赎回,
2018-09-19,0.9583,1.7724,3.62%,开放申购,开放赎回,
2018-09-18,0.9248,1.7389,1.38%,开放申购,开放赎回,
2018-09-17,0.9122,1.7263,-1.47%,开放申购,开放赎回,
2018-09-14,0.9258,1.7399,0.21%,开放申购,开放赎回,
2018-09-13,0.9239,1.738,0.70%,开放申购,开放赎回,
2018-09-12,0.9175,1.7316,-0.30%,开放申购,开放赎回,
2018-09-11,0.9203,1.7344,-0.94%,开放申购,开放赎回,
2018-09-10,0.929,1.7431,0.31%,开放申购,开放赎回,
2018-09-07,0.9261,1.7402,0.66%,开放申购,开放赎回,
2018-09-06,0.92,1.7341,-1.70%,开放申购,开放赎回,
2018-09-05,0.9359,1.75,-2.13%,开放申购,开放赎回,
2018-09-04,0.9563,1.7704,1.35%,开放申购,开放赎回,
2018-09-03,0.9436,1.7577,-0.36%,开放申购,开放赎回,
2018-08-31,0.947,1.7611,1.11%,开放申购,开放赎回,
2018-08-30,0.9366,1.7507,-1.11%,开放申购,开放赎回,
2018-08-29,0.9471,1.7612,0.47%,开放申购,开放赎回,
2018-08-28,0.9427,1.7568,-0.07%,开放申购,开放赎回,
2018-08-27,0.9434,1.7575,3.25%,开放申购,开放赎回,
2018-08-24,0.9137,1.7278,0.03%,开放申购,开放赎回,
2018-08-23,0.9134,1.7275,-0.21%,开放申购,开放赎回,
2018-08-22,0.9153,1.7294,-0.54%,开放申购,开放赎回,
2018-08-21,0.9203,1.7344,1.18%,开放申购,开放赎回,
2018-08-20,0.9096,1.7237,1.31%,开放申购,开放赎回,
2018-08-17,0.8978,1.7119,-0.94%,开放申购,开放赎回,
2018-08-16,0.9063,1.7204,0.40%,开放申购,开放赎回,
2018-07-18,0.9295,1.7436,-1.56%,开放申购,开放赎回,
2018-07-17,0.9442,1.7583,-0.10%,开放申购,开放赎回,
2018-07-16,0.9451,1.7592,-1.69%,开放申购,开放赎回,
2018-07-13,0.9613,1.7754,0.11%,开放申购,开放赎回,
2018-07-12,0.9602,1.7743,1.92%,开放申购,开放赎回,
2018-07-11,0.9421,1.7562,-2.67%,开放申购,开放赎回,
2018-07-10,0.9679,1.782,1.53%,开放申购,开放赎回,
2018-07-09,0.9533,1.7674,2.90%,开放申购,开放赎回,
2018-07-06,0.9264,1.7405,0.01%,开放申购,开放赎回,
2018-07-05,0.9263,1.7404,-1.18%,开放申购,开放赎回,
2018-07-04,0.9374,1.7515,-2.00%,开放申购,开放赎回,
2018-07-03,0.9565,1.7706,0.85%,开放申购,开放赎回,
2018-07-02,0.9484,1.7625,-5.16%,暂停申购,暂停赎回,
2018-06-30,1.0,1.8141,--,暂停申购,暂停赎回,
2018-06-29,1.0,1.8141,2.76%,暂停申购,暂停赎回,每份基金份额折算0.65213899份
2018-06-28,0.6346,1.7966,-1.26%,开放申购,开放赎回,
2018-06-27,0.6427,1.8047,-2.72%,开放申购,开放赎回,
2018-06-26,0.6607,1.8227,-3.02%,开放申购,开放赎回,
2018-06-25,0.6813,1.8433,-3.54%,开放申购,开放赎回,
2018-06-22,0.7063,1.8683,0.90%,开放申购,开放赎回,
2018-06-21,0.7,1.862,0.04%,开放申购,开放赎回,
2018-06-20,0.6997,1.8617,1.52%,开放申购,开放赎回,
2018-06-19,0.6892,1.8512,-4.17%,开放申购,开放赎回,
2018-06-15,0.7192,1.8812,0.98%,开放申购,开放赎回,
2018-06-14,0.7122,1.8742,-0.43%,开放申购,开放赎回,
2018-06-13,0.7153,1.8773,-0.11%,开放申购,开放赎回,
2018-06-12,0.7161,1.8781,0.55%,开放申购,开放赎回,
2018-06-11,0.7122,1.8742,1.32%,开放申购,开放赎回,
2018-06-08,0.7029,1.8649,-1.86%,开放申购,开放赎回,
2018-06-07,0.7162,1.8782,1.23%,开放申购,开放赎回,
2018-06-06,0.7075,1.8695,-0.88%,开放申购,开放赎回,
2018-06-05,0.7138,1.8758,0.52%,开放申购,开放赎回,
2018-06-04,0.7101,1.8721,2.16%,开放申购,开放赎回,
2018-06-01,0.6951,1.8571,0.35%,开放申购,开放赎回,
2018-05-31,0.6927,1.8547,1.88%,开放申购,开放赎回,
2018-05-30,0.6799,1.8419,-2.97%,开放申购,开放赎回,
2018-05-29,0.7007,1.8627,-1.45%,开放申购,开放赎回,
2018-05-28,0.711,1.873,-0.74%,开放申购,开放赎回,
2018-05-25,0.7163,1.8783,-0.39%,开放申购,开放赎回,
2018-05-24,0.7191,1.8811,-0.57%,开放申购,开放赎回,
2018-04-23,0.733,1.895,-0.23%,开放申购,开放赎回,
2018-04-20,0.7347,1.8967,-1.24%,开放申购,开放赎回,
2018-04-19,0.7439,1.9059,0.55%,开放申购,开放赎回,
2018-04-18,0.7398,1.9018,0.33%,开放申购,开放赎回,
2018-04-17,0.7374,1.8994,-1.26%,开放申购,开放赎回,
2018-04-16,0.7468,1.9088,-3.43%,开放申购,开放赎回,
2018-04-13,0.7733,1.9353,-0.77%,开放申购,开放赎回,
2018-04-12,0.7793,1.9413,-0.98%,开放申购,开放赎回,
2018-04-11,0.787,1.949,1.20%,开放申购,开放赎回,
2018-04-10,0.7777,1.9397,2.59%,开放申购,开放赎回,
2018-04-09,0.7581,1.9201,-0.94%,开放申购,开放赎回,
2018-04-04,0.7653,1.9273,-0.69%,开放申购,开放赎回,
2018-04-03,0.7706,1.9326,-0.87%,开放申购,开放赎回,
2018-04-02,0.7774,1.9394,0.10%,开放申购,开放赎回,
2018-03-30,0.7766,1.9386,-1.35%,开放申购,开放赎回,
2018-03-29,0.7872,1.9492,4.44%,开放申购,开放赎回,
2018-03-28,0.7537,1.9157,-0.30%,开放申购,开放赎回,
2018-03-27,0.756,1.918,1.30%,开放申购,开放赎回,
2018-03-26,0.7463,1.9083,-1.01%,开放申购,开放赎回,
2018-03-23,0.7539,1.9159,-2.91%,开放申购,开放赎回,
2018-03-22,0.7765,1.9385,-1.26%,开放申购,开放赎回,
2018-03-21,0.7864,1.9484,0.38%,开放申购,开放赎回,
2018-03-20,0.7834,1.9454,-0.42%,开放申购,开放赎回,
2018-03-19,0.7867,1.9487,-1.86%,开放申购,开放赎回,
2018-03-16,0.8016,1.9636,0.40%,开放申购,开放赎回,
2018-03-15,0.7984,1.9604,-0.35%,开放申购,开放赎回,
2018-03-14,0.8012,1.9632,-0.03%,开放申购,开放赎回,
2018-03-13,0.8014,1.9634,-0.32%,开放申购,开放赎回,
2018-03-12,0.804,1.966,-1.96%,开放申购,开放赎回,
2018-03-09,0.8201,1.9821,-0.26%,开放申购,开放赎回,
2018-03-08,0.8222,1.9842,1.08%,开放申购,开放赎回,
2018-03-07,0.8134,1.9754,-1.21%,开放申购,开放赎回,
2018-03-06,0.8234,1.9854,3.47%,开放申购,开放赎回,
2018-03-05,0.7958,1.9578,0.21%,开放申购,开放赎回,
2018-03-02,0.7941,1.9561,-0.29%,开放申购,开放赎回,
2018-03-01,0.7964,1.9584,-0.44%,开放申购,开放赎回,
2018-02-28,0.7999,1.9619,0.33%,开放申购,开放赎回,
2018-02-27,0.7973,1.9593,-2.10%,开放申购,开放赎回,
2018-02-26,0.8144,1.9764,-0.65%,开放申购,开放赎回,
2018-02-23,0.8197,1.9817,1.42%,开放申购,开放赎回,
2018-01-18,0.9149,2.0769,-0.67%,开放申购,开放赎回,
2018-01-17,0.9211,2.0831,-1.24%,开放申购,开放赎回,
2018-01-16,0.9327,2.0947,5.98%,开放申购,开放赎回,
2018-01-15,0.8801,2.0421,0.96%,开放申购,开放赎回,
2018-01-12,0.8717,2.0337,0.37%,开放申购,开放赎回,
2018-01-11,0.8685,2.0305,-0.18%,开放申购,开放赎回,
2018-01-10,0.8701,2.0321,0.08%,开放申购,开放赎回,
2018-01-09,0.8694,2.0314,0.23%,开放申购,开放赎回,
2018-01-08,0.8674,2.0294,2.61%,开放申购,开放赎回,
2018-01-05,0.8453,2.0073,3.83%,开放申购,开放赎回,
2018-01-04,0.8141,1.9761,0.82%,开放申购,开放赎回,
2018-01-03,0.8075,1.9695,0.61%,暂停申购,暂停赎回,
2018-01-02,0.8026,1.9646,2.91%,暂停申购,暂停赎回,每份基金份额折算1.034140804份
2017-12-31,0.8065,1.9411,--,开放申购,开放赎回,
2017-12-29,0.8065,1.9411,1.40%,开放申购,开放赎回,
2017-12-28,0.7954,1.93,-0.11%,开放申购,开放赎回,
2017-12-27,0.7963,1.9309,-0.16%,开放申购,开放赎回,
2017-12-26,0.7976,1.9322,0.53%,开放申购,开放赎回,
2017-12-25,0.7934,1.928,0.95%,开放申购,开放赎回,
2017-12-22,0.7859,1.9205,-0.09%,开放申购,开放赎回,
2017-12-21,0.7866,1.9212,1.96%,开放申购,开放赎回,
2017-12-20,0.7715,1.9061,-1.15%,开放申购,开放赎回,
2017-12-19,0.7805,1.9151,1.00%,开放申购,开放赎回,
2017-12-18,0.7728,1.9074,-0.81%,开放申购,开放赎回,
2017-12-15,0.7791,1.9137,-1.38%,开放申购,开放赎回,
2017-12-14,0.79,1.9246,-0.25%,开放申购,开放赎回,
2017-12-13,0.792,1.9266,0.19%,开放申购,开放赎回,
2017-12-12,0.7905,1.9251,-0.63%,开放申购,开放赎回,
2017-12-11,0.7955,1.9301,0.49%,开放申购,开放赎回,
2017-12-08,0.7916,1.9262,0.00%,开放申购,开放赎回,
2017-12-07,0.7916,1.9262,-0.21%,开放申购,开放赎回,
2017-12-06,0.7933,1.9279,-0.25%,开放申购,开放赎回,
2017-12-05,0.7953,1.9299,-0.16%,开放申购,开放赎回,
2017-12-04,0.7966,1.9312,-0.54%,开放申购,开放赎回,
2017-12-01,0.8009,1.9355,0.10%,开放申购,开放赎回,
2017-11-30,0.8001,1.9347,-2.69%,开放申购,开放赎回,
2017-11-29,0.8222,1.9568,4.33%,开放申购,开放赎回,
2017-11-28,0.7881,1.9227,-0.74%,开放申购,开放赎回,
2017-11-27,0.794,1.9286,-0.64%,开放申购,开放赎回,
2017-11-24,0.7991,1.9337,0.92%,开放申购,开放赎回,
2017-10-26,0.7873,1.9219,-0.28%,开放申购,开放赎回,
2017-10-25,0.7895,1.9241,0.62%,开放申购,开放赎回,
2017-10-24,0.7846,1.9192,1.37%,开放申购,开放赎回,
2017-10-23,0.774,1.9086,0.08%,开放申购,开放赎回,
2017-10-20,0.7734,1.908,0.98%,开放申购,开放赎回,
2017-10-19,0.7659,1.9005,-0.78%,开放申购,开放赎回,
2017-10-18,0.7719,1.9065,0.14%,开放申购,开放赎回,
2017-10-17,0.7708,1.9054,0.12%,开放申购,开放赎回,
2017-10-16,0.7699,1.9045,-1.33%,开放申购,开放赎回,
2017-10-13,0.7803,1.9149,0.06%,开放申购,开放赎回,
2017-10-12,0.7798,1.9144,-0.32%,开放申购,开放赎回,
2017-10-11,0.7823,1.9169,-0.14%,开放申购,开放赎回,
2017-10-10,0.7834,1.918,-0.03%,开放申购,开放赎回,
2017-10-09,0.7836,1.9182,0.84%,开放申购,开放赎回,
2017-09-29,0.7771,1.9117,0.03%,开放申购,开放赎回,
2017-09-28,0.7769,1.9115,-1.50%,开放申购,开放赎回,
2017-09-27,0.7887,1.9233,0.59%,开放申购,开放赎回,
2017-09-26,0.7841,1.9187,0.58%,开放申购,开放赎回,
2017-09-25,0.7796,1.9142,-3.55%,开放申购,开放赎回,
2017-09-22,0.8083,1.9429,-0.39%,开放申购,开放赎回,
2017-09-21,0.8115,1.9461,-1.36%,开放申购,开放赎回,
2017-09-20,0.8227,1.9573,-0.16%,开放申购,开放赎回,
2017-09-19,0.824,1.9586,1.34%,开放申购,开放赎回,
2017-09-18,0.8131,1.9477,-0.56%,开放申购,开放赎回,
2017-09-15,0.8177,1.9523,1.86%,开放申购,开放赎回,
2017-09-14,0.8028,1.9374,2.31%,开放申购,开放赎回,
2017-09-13,0.7847,1.9193,0.73%,开放申购,开放赎回,
2017-09-12,0.779,1.9136,-0.47%,开放申购,开放赎回,
2017-09-11,0.7827,1.9173,-0.33%,开放申购,开放赎回,
2017-09-08,0.7853,1.9199,0.00%,开放申购,开放赎回,
2017-09-07,0.7853,1.9199,2.45%,开放申购,开放赎回,
2017-09-06,0.7665,1.9011,0.10%,开放申购,开放赎回,
2017-09-05,0.7657,1.9003,0.90%,开放申购,开放赎回,
2017-09-04,0.7589,1.8935,-0.08%,开放申购,开放赎回,
2017-09-01,0.7595,1.8941,-0.46%,开放申购,开放赎回,
2017-08-31,0.763,1.8976,-0.33%,开放申购,开放赎回,
2017-08-30,0.7655,1.9001,0.38%,开放申购,开放赎回,
2017-08-29,0.7626,1.8972,-0.10%,开放申购,开放赎回,
2017-08-28,0.7634,1.898,1.07%,开放申购,开放赎回,
2017-08-25,0.7553,1.8899,0.84%,开放申购,开放赎回,
2017-07-27,0.7598,1.8944,0.53%,开放申购,开放赎回,
2017-07-26,0.7558,1.8904,-0.12%,开放申购,开放赎回,
2017-07-25,0.7567,1.8913,-1.41%,开放申购,开放赎回,
2017-07-24,0.7675,1.9021,-0.13%,开放申购,开放赎回,
2017-07-21,0.7685,1.9031,-0.35%,开放申购,开放赎回,
2017-07-20,0.7712,1.9058,1.62%,开放申购,开放赎回,
2017-07-19,0.7589,1.8935,1.01%,开放申购,开放赎回,
2017-07-18,0.7513,1.8859,1.61%,开放申购,开放赎回,
2017-07-17,0.7394,1.874,-3.22%,开放申购,开放赎回,
2017-07-14,0.764,1.8986,0.37%,开放申购,开放赎回,
2017-07-13,0.7612,1.8958,-0.34%,开放申购,开放赎回,
2017-07-12,0.7638,1.8984,0.51%,开放申购,开放赎回,
2017-07-11,0.7599,1.8945,-0.39%,开放申购,开放赎回,
2017-07-10,0.7629,1.8975,0.25%,开放申购,开放赎回,
2017-07-07,0.761,1.8956,0.82%,开放申购,开放赎回,
2017-07-06,0.7548,1.8894,-0.36%,开放申购,开放赎回,
2017-07-05,0.7575,1.8921,0.58%,开放申购,开放赎回,
2017-07-04,0.7531,1.8877,-1.44%,开放申购,开放赎回,
2017-07-03,0.7641,1.8987,0.17%,开放申购,开放赎回,
2017-06-30,0.7628,1.8974,-0.37%,开放申购,开放赎回,
2017-06-29,0.7656,1.9002,0.08%,开放申购,开放赎回,
2017-06-28,0.765,1.8996,-1.09%,开放申购,开放赎回,
2017-06-27,0.7734,1.908,-0.71%,开放申购,开放赎回,
2017-06-26,0.7789,1.9135,2.87%,开放申购,开放赎回,
2017-06-23,0.7572,1.8918,1.94%,开放申购,开放赎回,
2017-06-22,0.7428,1.8774,-0.05%,开放申购,开放赎回,
2017-06-21,0.7432,1.8778,0.64%,开放申购,开放赎回,
2017-06-20,0.7385,1.8731,-0.07%,开放申购,开放赎回,
2017-06-19,0.739,1.8736,0.60%,开放申购,开放赎回,
2017-06-16,0.7346,1.8692,-0.27%,开放申购,开放赎回,
2017-06-15,0.7366,1.8712,0.23%,开放申购,开放赎回,
2017-06-14,0.7349,1.8695,-1.49%,开放申购,开放赎回,
2017-06-13,0.746,1.8806,0.53%,开放申购,开放赎回,
2017-06-12,0.7421,1.8767,-0.34%,开放申购,开放赎回,
2017-06-09,0.7446,1.8792,0.05%,开放申购,开放赎回,
2017-06-08,0.7442,1.8788,0.18%,开放申购,开放赎回,
2017-06-07,0.7429,1.8775,0.95%,开放申购,开放赎回,
2017-06-06,0.7359,1.8705,0.46%,开放申购,开放赎回,
2017-06-05,0.7325,1.8671,-0.01%,开放申购,开放赎回,
2017-06-02,0.7326,1.8672,0.63%,开放申购,开放赎回,
2017-05-02,0.7308,1.8654,-0.77%,开放申购,开放赎回,
2017-04-28,0.7365,1.8711,0.30%,开放申购,开放赎回,
2017-04-27,0.7343,1.8689,-1.46%,开放申购,开放赎回,
2017-04-26,0.7452,1.8798,0.09%,开放申购,开放赎回,
2017-04-25,0.7445,1.8791,-0.21%,开放申购,开放赎回,
2017-04-24,0.7461,1.8807,-1.22%,开放申购,开放赎回,
2017-04-21,0.7553,1.8899,0.01%,开放申购,开放赎回,
2017-04-20,0.7552,1.8898,-0.36%,开放申购,开放赎回,
2017-04-19,0.7579,1.8925,-0.62%,开放申购,开放赎回,
2017-04-18,0.7626,1.8972,-0.83%,开放申购,开放赎回,
2017-04-17,0.769,1.9036,-1.46%,开放申购,开放赎回,
2017-04-14,0.7804,1.915,-1.44%,开放申购,开放赎回,
2017-04-13,0.7918,1.9264,0.53%,开放申购,开放赎回,
2017-04-12,0.7876,1.9222,0.11%,开放申购,开放赎回,
2017-04-11,0.7867,1.9213,1.61%,开放申购,开放赎回,
2017-04-10,0.7742,1.9088,0.90%,开放申购,开放赎回,
2017-04-07,0.7673,1.9019,0.48%,开放申购,开放赎回,
2017-04-06,0.7636,1.8982,0.65%,开放申购,开放赎回,
2017-04-05,0.7587,1.8933,1.85%,开放申购,开放赎回,
2017-03-31,0.7449,1.8795,0.62%,开放申购,开放赎回,
2017-03-30,0.7403,1.8749,-0.90%,开放申购,开放赎回,
2017-03-29,0.747,1.8816,-0.45%,开放申购,开放赎回,
2017-03-28,0.7504,1.885,-0.04%,开放申购,开放赎回,
2017-03-27,0.7507,1.8853,-0.37%,开放申购,开放赎回,
2017-03-24,0.7535,1.8881,0.24%,开放申购,开放赎回,
2017-03-23,0.7517,1.8863,0.21%,开放申购,开放赎回,
2017-03-22,0.7501,1.8847,-0.92%,开放申购,开放赎回,
2017-03-21,0.7571,1.8917,0.40%,开放申购,开放赎回,
2017-03-20,0.7541,1.8887,-0.79%,开放申购,开放赎回,
2017-03-17,0.7601,1.8947,-0.93%,开放申购,开放赎回,
2017-03-16,0.7672,1.9018,0.12%,开放申购,开放赎回,
2017-03-15,0.7663,1.9009,-0.01%,开放申购,开放赎回,
2017-03-14,0.7664,1.901,0.59%,开放申购,开放赎回,
2017-03-13,0.7619,1.8965,1.33%,开放申购,开放赎回,
2017-03-10,0.7519,1.8865,0.51%,开放申购,开放赎回,
2017-03-09,0.7481,1.8827,-0.60%,开放申购,开放赎回,
2017-03-08,0.7526,1.8872,0.41%,开放申购,开放赎回,
2017-03-07,0.7495,1.8841,0.17%,开放申购,开放赎回,
2017-03-06,0.7482,1.8828,0.61%,开放申购,开放赎回,
2017-03-03,0.7437,1.8783,-0.15%,开放申购,开放赎回,
2017-01-26,0.7349,1.8695,0.37%,开放申购,开放赎回,
2017-01-25,0.7322,1.8668,0.21%,开放申购,开放赎回,
2017-01-24,0.7307,1.8653,-0.19%,开放申购,开放赎回,
2017-01-23,0.7321,1.8667,0.49%,开放申购,开放赎回,
2017-01-20,0.7285,1.8631,0.72%,开放申购,开放赎回,
2017-01-19,0.7233,1.8579,-0.45%,开放申购,开放赎回,
2017-01-18,0.7266,1.8612,0.25%,开放申购,开放赎回,
2017-01-17,0.7248,1.8594,-0.07%,开放申购,开放赎回,
2017-01-16,0.7253,1.8599,-1.10%,开放申购,开放赎回,
2017-01-13,0.7334,1.868,0.31%,开放申购,开放赎回,
2017-01-12,0.7311,1.8657,-0.61%,开放申购,开放赎回,
2017-01-11,0.7356,1.8702,-1.17%,开放申购,开放赎回,
2017-01-10,0.7443,1.8789,-0.16%,开放申购,开放赎回,
2017-01-09,0.7455,1.8801,0.20%,开放申购,开放赎回,
2017-01-06,0.744,1.8786,-0.47%,开放申购,开放赎回,
2017-01-05,0.7475,1.8821,-0.25%,开放申购,开放赎回,
2017-01-04,0.7494,1.884,0.44%,暂停申购,暂停赎回,
2017-01-03,0.7461,1.8807,0.98%,暂停申购,暂停赎回,每份基金份额折算1.036858967份
2016-12-31,0.7661,1.8732,0.00%,开放申购,开放赎回,
2016-12-30,0.7661,1.8732,0.00%,开放申购,开放赎回,
2016-12-29,0.7661,1.8732,-0.29%,开放申购,开放赎回,
2016-12-28,0.7683,1.8754,-0.77%,开放申购,开放赎回,
2016-12-27,0.7743,1.8814,0.66%,开放申购,开放赎回,
2016-12-26,0.7692,1.8763,-0.03%,开放申购,开放赎回,
2016-12-23,0.7694,1.8765,-1.22%,开放申购,开放赎回,
2016-12-22,0.7789,1.886,-0.12%,开放申购,开放赎回,
2016-12-21,0.7798,1.8869,0.21%,开放申购,开放赎回,
2016-12-20,0.7782,1.8853,-1.08%,开放申购,开放赎回,
2016-12-19,0.7867,1.8938,-1.18%,开放申购,开放赎回,
2016-12-16,0.7961,1.9032,0.54%,开放申购,开放赎回,
2016-12-15,0.7918,1.8989,0.10%,开放申购,开放赎回,
2016-12-14,0.791,1.8981,-0.90%,开放申购,开放赎回,
2016-12-13,0.7982,1.9053,-0.15%,开放申购,开放赎回,
2016-12-12,0.7994,1.9065,-2.82%,开放申购,开放赎回,
2016-12-09,0.8226,1.9297,0.37%,开放申购,开放赎回,
2016-12-08,0.8196,1.9267,-0.64%,开放申购,开放赎回,
2016-12-07,0.8249,1.932,0.62%,开放申购,开放赎回,
2016-12-06,0.8198,1.9269,-0.36%,开放申购,开放赎回,
2016-12-05,0.8228,1.9299,-2.78%,开放申购,开放赎回,
2016-12-02,0.8463,1.9534,-1.46%,开放申购,开放赎回,
2016-11-03,0.8086,1.9157,0.42%,开放申购,开放赎回,
2016-11-02,0.8052,1.9123,-0.75%,开放申购,开放赎回,
2016-11-01,0.8113,1.9184,1.21%,开放申购,开放赎回,
2016-10-31,0.8016,1.9087,-0.05%,开放申购,开放赎回,
2016-10-28,0.802,1.9091,-0.55%,开放申购,开放赎回,
2016-10-27,0.8064,1.9135,-0.44%,开放申购,开放赎回,
2016-10-26,0.81,1.9171,0.32%,开放申购,开放赎回,
2016-10-25,0.8074,1.9145,0.15%,开放申购,开放赎回,
2016-10-24,0.8062,1.9133,0.34%,开放申购,开放赎回,
2016-10-21,0.8035,1.9106,-0.69%,开放申购,开放赎回,
2016-10-20,0.8091,1.9162,0.33%,开放申购,开放赎回,
2016-10-19,0.8064,1.9135,-0.10%,开放申购,开放赎回,
2016-10-18,0.8072,1.9143,0.91%,开放申购,开放赎回,
2016-10-17,0.7999,1.907,-1.16%,开放申购,开放赎回,
2016-10-14,0.8093,1.9164,-0.10%,开放申购,开放赎回,
2016-10-13,0.8101,1.9172,0.09%,开放申购,开放赎回,
2016-10-12,0.8094,1.9165,0.29%,开放申购,开放赎回,
2016-10-11,0.8071,1.9142,0.47%,开放申购,开放赎回,
2016-10-10,0.8033,1.9104,-1.50%,开放申购,开放赎回,
2016-09-30,0.8155,1.9226,0.37%,开放申购,开放赎回,
2016-09-29,0.8125,1.9196,0.17%,开放申购,开放赎回,
2016-09-28,0.8111,1.9182,-0.14%,开放申购,开放赎回,
2016-09-27,0.8122,1.9193,1.69%,开放申购,开放赎回,
2016-09-26,0.7987,1.9058,-1.93%,开放申购,开放赎回,
2016-09-23,0.8144,1.9215,-1.77%,开放申购,开放赎回,
2016-09-22,0.8291,1.9362,2.85%,开放申购,开放赎回,
2016-09-21,0.8061,1.9132,0.83%,开放申购,开放赎回,
2016-09-20,0.7995,1.9066,0.31%,开放申购,开放赎回,
2016-09-19,0.797,1.9041,0.72%,开放申购,开放赎回,
2016-09-14,0.7913,1.8984,-0.37%,开放申购,开放赎回,
2016-09-13,0.7942,1.9013,0.39%,开放申购,开放赎回,
2016-09-12,0.7911,1.8982,-0.59%,开放申购,开放赎回,
2016-09-09,0.7958,1.9029,-0.96%,开放申购,开放赎回,
2016-09-08,0.8035,1.9106,0.19%,开放申购,开放赎回,
2016-09-07,0.802,1.9091,-0.20%,开放申购,开放赎回,
2016-09-06,0.8036,1.9107,0.48%,开放申购,开放赎回,
2016-09-05,0.7998,1.9069,-0.40%,开放申购,开放赎回,
2016-09-02,0.803,1.9101,0.43%,开放申购,开放赎回,
2016-09-01,0.7996,1.9067,-2.90%,开放申购,开放赎回,
2016-08-31,0.8235,1.9306,2.44%,开放申购,开放赎回,
2016-08-02,0.7374,1.8445,1.32%,开放申购,开放赎回,
2016-08-01,0.7278,1.8349,-1.18%,开放申购,开放赎回,
2016-07-29,0.7365,1.8436,-0.89%,开放申购,开放赎回,
2016-07-28,0.7431,1.8502,0.46%,开放申购,开放赎回,
2016-07-27,0.7397,1.8468,-2.34%,开放申购,开放赎回,
2016-07-26,0.7574,1.8645,0.80%,开放申购,开放赎回,
2016-07-25,0.7514,1.8585,0.54%,开放申购,开放赎回,
2016-07-22,0.7474,1.8545,-0.52%,开放申购,开放赎回,
2016-07-21,0.7513,1.8584,0.21%,开放申购,开放赎回,
2016-07-20,0.7497,1.8568,-0.33%,开放申购,开放赎回,
2016-07-19,0.7522,1.8593,-0.38%,开放申购,开放赎回,
2016-07-18,0.7551,1.8622,-0.46%,开放申购,开放赎回,
2016-07-15,0.7586,1.8657,0.26%,开放申购,开放赎回,
2016-07-14,0.7566,1.8637,0.11%,开放申购,开放赎回,
2016-07-13,0.7558,1.8629,0.84%,开放申购,开放赎回,
2016-07-12,0.7495,1.8566,1.16%,开放申购,开放赎回,
2016-07-11,0.7409,1.848,-0.55%,开放申购,开放赎回,
2016-07-08,0.745,1.8521,-0.23%,开放申购,开放赎回,
2016-07-07,0.7467,1.8538,-0.78%,开放申购,开放赎回,
2016-07-06,0.7526,1.8597,0.93%,开放申购,开放赎回,
2016-07-05,0.7457,1.8528,0.76%,开放申购,开放赎回,
2016-07-04,0.7401,1.8472,1.58%,开放申购,开放赎回,
2016-07-01,0.7286,1.8357,0.12%,开放申购,开放赎回,
2016-06-30,0.7277,1.8348,0.11%,开放申购,开放赎回,
2016-06-29,0.7269,1.834,0.33%,开放申购,开放赎回,
2016-06-28,0.7245,1.8316,0.43%,开放申购,开放赎回,
2016-06-27,0.7214,1.8285,1.46%,开放申购,开放赎回,
2016-06-24,0.711,1.8181,-1.15%,开放申购,开放赎回,
2016-06-23,0.7193,1.8264,-0.65%,开放申购,开放赎回,
2016-06-22,0.724,1.8311,0.85%,开放申购,开放赎回,
2016-06-21,0.7179,1.825,-0.29%,开放申购,开放赎回,
2016-06-20,0.72,1.8271,0.33%,开放申购,开放赎回,
2016-06-17,0.7176,1.8247,0.62%,开放申购,开放赎回,
2016-06-16,0.7132,1.8203,-0.67%,开放申购,开放赎回,
2016-06-15,0.718,1.8251,2.03%,开放申购,开放赎回,
2016-06-14,0.7037,1.8108,0.33%,开放申购,开放赎回,
2016-06-13,0.7014,1.8085,-4.00%,开放申购,开放赎回,
2016-06-08,0.7306,1.8377,0.14%,开放申购,开放赎回,
2016-06-07,0.7296,1.8367,-0.42%,开放申购,开放赎回,
2016-06-06,0.7327,1.8398,0.44%,开放申购,开放赎回,
2016-05-06,0.7413,1.8484,-2.75%,开放申购,开放赎回,
2016-05-05,0.7623,1.8694,0.95%,开放申购,开放赎回,
2016-05-04,0.7551,1.8622,0.07%,开放申购,开放赎回,
2016-05-03,0.7546,1.8617,1.88%,开放申购,开放赎回,
2016-04-29,0.7407,1.8478,-0.38%,开放申购,开放赎回,
2016-04-28,0.7435,1.8506,-0.38%,开放申购,开放赎回,
2016-04-27,0.7463,1.8534,0.09%,开放申购,开放赎回,
2016-04-26,0.7456,1.8527,1.13%,开放申购,开放赎回,
2016-04-25,0.7373,1.8444,-0.91%,开放申购,开放赎回,
2016-04-22,0.7441,1.8512,0.92%,开放申购,开放赎回,
2016-04-21,0.7373,1.8444,-1.22%,开放申购,开放赎回,
2016-04-20,0.7464,1.8535,-3.38%,开放申购,开放赎回,
2016-04-19,0.7725,1.8796,0.60%,开放申购,开放赎回,
2016-04-18,0.7679,1.875,-1.79%,开放申购,开放赎回,
2016-04-15,0.7819,1.889,-0.10%,开放申购,开放赎回,
2016-04-14,0.7827,1.8898,0.90%,开放申购,开放赎回,
2016-04-13,0.7757,1.8828,1.19%,开放申购,开放赎回,
2016-04-12,0.7666,1.8737,-0.71%,开放申购,开放赎回,
2016-04-11,0.7721,1.8792,1.57%,开放申购,开放赎回,
2016-04-08,0.7602,1.8673,-0.65%,开放申购,开放赎回,
2016-04-07,0.7652,1.8723,-1.51%,开放申购,开放赎回,
2016-04-06,0.7769,1.884,-0.05%,开放申购,开放赎回,
2016-04-05,0.7773,1.8844,2.26%,开放申购,开放赎回,
2016-04-01,0.7601,1.8672,0.03%,开放申购,开放赎回,
2016-03-31,0.7599,1.867,-0.21%,开放申购,开放赎回,
2016-03-30,0.7615,1.8686,2.72%,开放申购,开放赎回,
2016-03-29,0.7413,1.8484,-1.76%,开放申购,开放赎回,
2016-03-28,0.7546,1.8617,-1.06%,开放申购,开放赎回,
2016-03-25,0.7627,1.8698,0.97%,开放申购,开放赎回,
2016-03-24,0.7554,1.8625,-1.42%,开放申购,开放赎回,
2016-03-23,0.7663,1.8734,0.24%,开放申购,开放赎回,
2016-03-22,0.7645,1.8716,-1.27%,开放申购,开放赎回,
2016-03-21,0.7743,1.8814,2.29%,开放申购,开放赎回,
2016-03-18,0.757,1.8641,2.92%,开放申购,开放赎回,
2016-03-17,0.7355,1.8426,2.17%,开放申购,开放赎回,
2016-03-16,0.7199,1.827,-0.68%,开放申购,开放赎回,
2016-03-15,0.7248,1.8319,-0.73%,开放申购,开放赎回,
2016-03-14,0.7301,1.8372,2.72%,开放申购,开放赎回,
2016-03-11,0.7108,1.8179,-0.84%,开放申购,开放赎回,
2016-03-10,0.7168,1.8239,-2.66%,开放申购,开放赎回,
2016-02-03,0.7269,1.834,1.27%,开放申购,开放赎回,
2016-02-02,0.7178,1.8249,3.55%,开放申购,开放赎回,
2016-02-01,0.6932,1.8003,-0.90%,开放申购,开放赎回,
2016-01-29,0.6995,1.8066,4.12%,开放申购,开放赎回,
2016-01-28,0.6718,1.7789,-3.23%,开放申购,开放赎回,
2016-01-27,0.6942,1.8013,-1.00%,开放申购,开放赎回,
2016-01-26,0.7012,1.8083,-7.52%,开放申购,开放赎回,
2016-01-25,0.7582,1.8653,0.77%,开放申购,开放赎回,
2016-01-22,0.7524,1.8595,1.27%,开放申购,开放赎回,
2016-01-21,0.743,1.8501,-4.08%,开放申购,开放赎回,
2016-01-20,0.7746,1.8817,-1.70%,开放申购,开放赎回,
2016-01-19,0.788,1.8951,4.43%,开放申购,开放赎回,
2016-01-18,0.7546,1.8617,0.82%,开放申购,开放赎回,
2016-01-15,0.7485,1.8556,-4.20%,开放申购,开放赎回,
2016-01-14,0.7813,1.8884,3.26%,开放申购,开放赎回,
2016-01-13,0.7566,1.8637,-3.24%,开放申购,开放赎回,
2016-01-12,0.7819,1.889,1.13%,开放申购,开放赎回,
2016-01-11,0.7732,1.8803,-6.12%,开放申购,开放赎回,
2016-01-08,0.8236,1.9307,1.82%,开放申购,开放赎回,
2016-01-07,0.8089,1.916,-8.70%,开放申购,开放赎回,
2016-01-06,0.886,1.9931,2.12%,开放申购,开放赎回,
2016-01-05,0.8676,1.9747,-0.93%,暂停申购,暂停赎回,
2016-01-04,0.8757,1.9828,-8.36%,暂停申购,暂停赎回,每份基金份额折算1.026036314份
2015-12-31,0.9805,2.0648,-1.86%,开放申购,开放赎回,
2015-12-30,0.9991,2.0834,-0.93%,开放申购,开放赎回,
2015-12-29,1.0085,2.0928,0.86%,开放申购,开放赎回,
2015-12-28,0.9999,2.0842,-3.35%,开放申购,开放赎回,
2015-12-25,1.0346,2.1189,0.31%,开放申购,开放赎回,
2015-12-24,1.0314,2.1157,-1.63%,开放申购,开放赎回,
2015-12-23,1.0485,2.1328,-0.15%,开放申购,开放赎回,
2015-12-22,1.0501,2.1344,1.01%,开放申购,开放赎回,
2015-12-21,1.0396,2.1239,2.49%,开放申购,开放赎回,
2015-12-18,1.0143,2.0986,1.05%,开放申购,开放赎回,
2015-12-17,1.0038,2.0881,5.71%,开放申购,开放赎回,
2015-12-16,0.9496,2.0339,-1.15%,开放申购,开放赎回,
2015-12-15,0.9606,2.0449,2.19%,开放申购,开放赎回,
2015-12-14,0.94,2.0243,1.75%,开放申购,开放赎回,
2015-12-11,0.9238,2.0081,-0.13%,开放申购,开放赎回,
2015-12-10,0.925,2.0093,-0.97%,开放申购,开放赎回,
2015-12-09,0.9341,2.0184,2.61%,开放申购,开放赎回,
2015-11-10,0.8698,1.9541,-0.73%,开放申购,开放赎回,
2015-11-09,0.8762,1.9605,1.51%,开放申购,开放赎回,
2015-11-06,0.8632,1.9475,1.49%,开放申购,开放赎回,
2015-11-05,0.8505,1.9348,0.65%,开放申购,开放赎回,
2015-11-04,0.845,1.9293,4.55%,开放申购,开放赎回,
2015-11-03,0.8082,1.8925,-0.49%,开放申购,开放赎回,
2015-11-02,0.8122,1.8965,-1.69%,开放申购,开放赎回,
2015-10-30,0.8262,1.9105,0.57%,开放申购,开放赎回,
2015-10-29,0.8215,1.9058,0.83%,开放申购,开放赎回,
2015-10-28,0.8147,1.899,-2.54%,开放申购,开放赎回,
2015-10-27,0.8359,1.9202,0.02%,开放申购,开放赎回,
2015-10-26,0.8357,1.92,-0.29%,开放申购,开放赎回,
2015-10-23,0.8381,1.9224,3.24%,开放申购,开放赎回,
2015-10-22,0.8118,1.8961,3.55%,开放申购,开放赎回,
2015-10-21,0.784,1.8683,-4.53%,开放申购,开放赎回,
2015-10-20,0.8212,1.9055,1.22%,开放申购,开放赎回,
2015-10-19,0.8113,1.8956,-0.01%,开放申购,开放赎回,
2015-10-16,0.8114,1.8957,3.31%,开放申购,开放赎回,
2015-10-15,0.7854,1.8697,3.15%,开放申购,开放赎回,
2015-10-14,0.7614,1.8457,-1.08%,开放申购,开放赎回,
2015-10-13,0.7697,1.854,0.33%,开放申购,开放赎回,
2015-10-12,0.7672,1.8515,3.59%,开放申购,开放赎回,
2015-10-09,0.7406,1.8249,1.24%,开放申购,开放赎回,
2015-10-08,0.7315,1.8158,3.98%,开放申购,开放赎回,
2015-09-30,0.7035,1.7878,0.82%,开放申购,开放赎回,
2015-09-29,0.6978,1.7821,-2.38%,开放申购,开放赎回,
2015-09-28,0.7148,1.7991,0.14%,开放申购,开放赎回,
2015-09-25,0.7138,1.7981,-0.82%,开放申购,开放赎回,
2015-09-24,0.7197,1.804,0.87%,开放申购,开放赎回,
2015-09-23,0.7135,1.7978,-2.02%,开放申购,开放赎回,
2015-09-22,0.7282,1.8125,1.34%,开放申购,开放赎回,
2015-09-21,0.7186,1.8029,2.41%,开放申购,开放赎回,
2015-09-18,0.7017,1.786,0.63%,开放申购,开放赎回,
2015-09-17,0.6973,1.7816,-2.73%,开放申购,开放赎回,
2015-09-16,0.7169,1.8012,6.24%,开放申购,开放赎回,
2015-09-15,0.6748,1.7591,-5.33%,开放申购,开放赎回,
2015-09-14,0.7128,1.7971,-4.41%,开放申购,开放赎回,
2015-09-11,0.7457,1.83,1.13%,开放申购,开放赎回,
2015-09-10,0.7374,1.8217,-1.69%,开放申购,开放赎回,
2015-09-09,0.7501,1.8344,3.06%,开放申购,开放赎回,
2015-08-07,0.8714,1.9557,2.81%,开放申购,开放赎回,
2015-08-06,0.8476,1.9319,-2.05%,开放申购,开放赎回,
2015-08-05,0.8653,1.9496,-2.85%,开放申购,开放赎回,
2015-08-04,0.8907,1.975,3.19%,开放申购,开放赎回,
2015-08-03,0.8632,1.9475,-0.76%,开放申购,开放赎回,
2015-07-31,0.8698,1.9541,0.35%,开放申购,开放赎回,
2015-07-30,0.8668,1.9511,-3.20%,开放申购,开放赎回,
2015-07-29,0.8955,1.9798,3.90%,开放申购,开放赎回,
2015-07-28,0.8619,1.9462,-0.03%,开放申购,开放赎回,
2015-07-27,0.8622,1.9465,-8.28%,开放申购,开放赎回,
2015-07-24,0.94,2.0243,0.21%,开放申购,开放赎回,
2015-07-23,0.938,2.0223,3.37%,开放申购,开放赎回,
2015-07-22,0.9074,1.9917,0.42%,开放申购,开放赎回,
2015-07-21,0.9036,1.9879,0.30%,开放申购,开放赎回,
2015-07-20,0.9009,1.9852,1.42%,开放申购,开放赎回,
2015-07-17,0.8883,1.9726,5.16%,开放申购,开放赎回,
2015-07-16,0.8447,1.929,0.61%,开放申购,开放赎回,
2015-07-15,0.8396,1.9239,-4.93%,开放申购,开放赎回,
2015-07-14,0.8831,1.9674,0.10%,开放申购,开放赎回,
2015-07-13,0.8822,1.9665,4.97%,开放申购,开放赎回,
2015-07-10,0.8404,1.9247,5.64%,开放申购,开放赎回,
2015-07-09,0.7955,1.8798,6.34%,开放申购,开放赎回,
2015-07-08,0.7481,1.8324,-5.85%,开放申购,开放赎回,
2015-07-07,0.7946,1.8789,-4.61%,开放申购,开放赎回,
2015-07-06,0.833,1.9173,1.40%,开放申购,开放赎回,
2015-07-03,0.8215,1.9058,-7.04%,开放申购,开放赎回,
2015-07-02,0.8837,1.968,-6.11%,开放申购,开放赎回,
2015-07-01,0.9412,2.0255,-5.41%,开放申购,开放赎回,
2015-06-30,0.995,2.0793,5.19%,开放申购,开放赎回,
2015-06-29,0.9459,2.0302,-3.95%,开放申购,开放赎回,
2015-06-26,0.9848,2.0691,-8.98%,开放申购,开放赎回,
2015-06-25,1.0819,2.1662,-2.58%,开放申购,开放赎回,
2015-06-24,1.1105,2.1948,2.35%,开放申购,开放赎回,
2015-06-23,1.085,2.1693,1.12%,开放申购,开放赎回,
2015-06-19,1.073,2.1573,-7.02%,开放申购,开放赎回,
2015-06-18,1.154,2.2383,-2.64%,开放申购,开放赎回,
2015-06-17,1.1853,2.2696,0.61%,开放申购,开放赎回,
2015-06-16,1.1781,2.2624,-2.60%,开放申购,开放赎回,
2015-06-15,1.2095,2.2938,-0.96%,开放申购,开放赎回,
2015-06-12,1.2212,2.3055,1.34%,开放申购,开放赎回,
2015-05-14,1.0091,2.0934,-1.55%,开放申购,开放赎回,
2015-05-13,1.025,2.1093,2.45%,开放申购,开放赎回,
2015-05-12,1.0005,2.0848,0.26%,开放申购,开放赎回,
2015-05-11,0.9979,2.0822,2.78%,开放申购,开放赎回,
2015-05-08,0.9709,2.0552,2.18%,开放申购,开放赎回,
2015-05-07,0.9502,2.0345,-0.90%,开放申购,开放赎回,
2015-05-06,0.9588,2.0431,-1.96%,开放申购,开放赎回,
2015-05-05,0.978,2.0623,-5.08%,开放申购,开放赎回,
2015-05-04,1.0303,2.1146,-0.02%,开放申购,开放赎回,
2015-04-30,1.0305,2.1148,2.53%,开放申购,开放赎回,
2015-04-29,1.0051,2.0894,1.32%,开放申购,开放赎回,
2015-04-28,0.992,2.0763,-1.07%,开放申购,开放赎回,
2015-04-27,1.0027,2.087,1.03%,开放申购,开放赎回,
2015-04-24,0.9925,2.0768,-0.75%,暂停申购,暂停赎回,
2015-04-23,1.0,2.0843,0.54%,暂停申购,暂停赎回,每份基金份额折算2.0175份
2015-04-22,2.0066,2.0734,2.90%,开放申购,开放赎回,
2015-04-21,1.95,2.0168,2.45%,开放申购,开放赎回,
2015-04-20,1.9034,1.9702,-1.79%,开放申购,开放赎回,
2015-04-17,1.9381,2.0049,1.23%,开放申购,开放赎回,
2015-04-16,1.9145,1.9813,2.15%,开放申购,开放赎回,
2015-04-15,1.8742,1.941,-2.85%,开放申购,开放赎回,
2015-04-14,1.9292,1.996,-1.09%,开放申购,开放赎回,
2015-04-13,1.9505,2.0173,0.91%,开放申购,开放赎回,
2015-04-10,1.933,1.9998,0.42%,开放申购,开放赎回,
2015-04-09,1.9249,1.9917,2.91%,开放申购,开放赎回,
2015-04-08,1.8704,1.9372,0.49%,开放申购,开放赎回,
2015-04-07,1.8612,1.928,2.17%,开放申购,开放赎回,
2015-04-03,1.8217,1.8885,0.91%,开放申购,开放赎回,
2015-04-02,1.8053,1.8721,-0.47%,开放申购,开放赎回,
2015-04-01,1.8139,1.8807,0.41%,开放申购,开放赎回,
2015-03-31,1.8065,1.8733,-1.61%,开放申购,开放赎回,
2015-03-30,1.8361,1.9029,5.20%,开放申购,开放赎回,
2015-03-27,1.7453,1.8121,3.92%,开放申购,开放赎回,
2015-03-26,1.6795,1.7463,-0.24%,开放申购,开放赎回,
2015-03-25,1.6835,1.7503,-0.20%,开放申购,开放赎回,
2015-03-24,1.6868,1.7536,-0.02%,开放申购,开放赎回,
2015-03-23,1.6872,1.754,2.33%,开放申购,开放赎回,
2015-03-20,1.6488,1.7156,2.77%,开放申购,开放赎回,
2015-03-19,1.6043,1.6711,-0.30%,开放申购,开放赎回,
2015-03-18,1.6092,1.676,3.05%,开放申购,开放赎回,
2015-02-10,1.4191,1.4859,2.38%,开放申购,开放赎回,
2015-02-09,1.3861,1.4529,-1.24%,开放申购,开放赎回,
2015-02-06,1.4035,1.4703,-3.51%,开放申购,开放赎回,
2015-02-05,1.4545,1.5213,-0.94%,开放申购,开放赎回,
2015-02-04,1.4683,1.5351,0.06%,开放申购,开放赎回,
2015-02-03,1.4674,1.5342,0.95%,开放申购,开放赎回,
2015-02-02,1.4536,1.5204,-1.05%,开放申购,开放赎回,
2015-01-30,1.469,1.5358,0.19%,开放申购,开放赎回,
2015-01-29,1.4662,1.533,-0.41%,开放申购,开放赎回,
2015-01-28,1.4722,1.539,-1.93%,开放申购,开放赎回,
2015-01-27,1.5011,1.5679,-2.00%,开放申购,开放赎回,
2015-01-26,1.5317,1.5985,1.67%,开放申购,开放赎回,
2015-01-23,1.5065,1.5733,0.56%,开放申购,开放赎回,
2015-01-22,1.4981,1.5649,1.52%,开放申购,开放赎回,
2015-01-21,1.4756,1.5424,4.62%,开放申购,开放赎回,
2015-01-20,1.4104,1.4772,3.75%,开放申购,开放赎回,
2015-01-19,1.3594,1.4262,-7.25%,开放申购,开放赎回,
2015-01-16,1.4656,1.5324,0.19%,开放申购,开放赎回,
2015-01-15,1.4628,1.5296,3.83%,开放申购,开放赎回,
2015-01-14,1.4088,1.4756,0.56%,开放申购,开放赎回,
2015-01-13,1.401,1.4678,0.27%,开放申购,开放赎回,
2015-01-12,1.3972,1.464,-2.36%,开放申购,开放赎回,
2015-01-09,1.4309,1.4977,-1.02%,开放申购,开放赎回,
2015-01-08,1.4457,1.5125,-2.92%,开放申购,开放赎回,
2015-01-07,1.4892,1.556,0.03%,开放申购,开放赎回,
2015-01-06,1.4888,1.5556,-2.97%,暂停申购,暂停赎回,
2015-01-05,1.5343,1.6011,3.65%,暂停申购,暂停赎回,每份基金份额折算1.023007235份
2014-12-31,1.5143,1.5458,5.86%,开放申购,开放赎回,
2014-12-30,1.4305,1.462,-0.46%,开放申购,开放赎回,
2014-12-29,1.4371,1.4686,3.50%,开放申购,开放赎回,
2014-12-26,1.3885,1.42,3.94%,开放申购,开放赎回,
2014-12-25,1.3359,1.3674,2.52%,开放申购,开放赎回,
2014-12-24,1.303,1.3345,-2.57%,开放申购,开放赎回,
2014-12-23,1.3374,1.3689,-0.78%,开放申购,开放赎回,
2014-12-22,1.3479,1.3794,-1.68%,开放申购,开放赎回,
2014-12-19,1.3709,1.4024,-1.18%,开放申购,开放赎回,
2014-12-18,1.3872,1.4187,-1.32%,开放申购,开放赎回,
2014-12-17,1.4058,1.4373,2.16%,开放申购,开放赎回,
2014-12-16,1.3761,1.4076,1.91%,开放申购,开放赎回,
2014-12-15,1.3503,1.3818,-1.28%,开放申购,开放赎回,
2014-11-14,1.1133,1.1448,0.39%,开放申购,开放赎回,
2014-11-13,1.109,1.1405,-0.73%,开放申购,开放赎回,
2014-11-12,1.1172,1.1487,1.71%,开放申购,开放赎回,
2014-11-11,1.0984,1.1299,-0.61%,开放申购,开放赎回,
2014-11-10,1.1051,1.1366,1.28%,开放申购,开放赎回,
2014-11-07,1.0911,1.1226,-0.10%,开放申购,开放赎回,
2014-11-06,1.0922,1.1237,0.45%,开放申购,开放赎回,
2014-11-05,1.0873,1.1188,-0.38%,开放申购,开放赎回,
2014-11-04,1.0914,1.1229,-0.02%,开放申购,开放赎回,
2014-11-03,1.0916,1.1231,0.28%,开放申购,开放赎回,
2014-10-31,1.0885,1.12,1.36%,开放申购,开放赎回,
2014-10-30,1.0739,1.1054,-0.34%,开放申购,开放赎回,
2014-10-29,1.0776,1.1091,2.22%,开放申购,开放赎回,
2014-10-28,1.0542,1.0857,2.46%,开放申购,开放赎回,
2014-10-27,1.0289,1.0604,-0.78%,开放申购,开放赎回,
2014-10-24,1.037,1.0685,0.13%,开放申购,开放赎回,
2014-10-23,1.0357,1.0672,-1.59%,开放申购,开放赎回,
2014-10-22,1.0524,1.0839,-1.00%,开放申购,开放赎回,
2014-10-21,1.063,1.0945,-0.90%,开放申购,开放赎回,
2014-10-20,1.0726,1.1041,0.31%,开放申购,开放赎回,
2014-10-17,1.0693,1.1008,0.13%,开放申购,开放赎回,
2014-10-16,1.0679,1.0994,-1.67%,开放申购,开放赎回,
2014-10-15,1.086,1.118,-0.64%,开放申购,开放赎回,
2014-10-14,1.093,1.125,-0.82%,开放申购,开放赎回,
2014-10-13,1.102,1.134,0.82%,开放申购,开放赎回,
2014-10-10,1.093,1.125,0.92%,开放申购,开放赎回,
2014-10-09,1.083,1.115,0.28%,开放申购,开放赎回,
2014-10-08,1.08,1.112,1.89%,开放申购,开放赎回,
2014-09-30,1.06,1.092,0.19%,开放申购,开放赎回,
2014-09-29,1.058,1.09,0.09%,开放申购,开放赎回,
2014-09-26,1.057,1.089,-0.19%,开放申购,开放赎回,
2014-09-25,1.059,1.091,-0.66%,开放申购,开放赎回,
2014-09-24,1.066,1.098,0.95%,开放申购,开放赎回,
2014-09-23,1.056,1.088,1.25%,开放申购,开放赎回,
2014-09-22,1.043,1.075,-1.14%,开放申购,开放赎回,
2014-09-19,1.055,1.087,0.67%,开放申购,开放赎回,
2014-09-18,1.048,1.08,-0.66%,开放申购,开放赎回,
2014-09-17,1.055,1.087,1.25%,开放申购,开放赎回,
2014-09-16,1.042,1.074,-1.88%,开放申购,开放赎回,
2014-09-15,1.062,1.094,-0.19%,开放申购,开放赎回,
2014-08-14,1.013,1.045,-0.98%,开放申购,开放赎回,
2014-08-13,1.023,1.055,0.39%,开放申购,开放赎回,
2014-08-12,1.019,1.051,0.30%,开放申购,开放赎回,
2014-08-11,1.016,1.048,1.50%,开放申购,开放赎回,
2014-08-08,1.001,1.033,-0.40%,开放申购,开放赎回,
2014-08-07,1.005,1.037,-0.59%,开放申购,开放赎回,
2014-08-06,1.011,1.043,-0.49%,开放申购,开放赎回,
2014-08-05,1.016,1.048,-0.68%,开放申购,开放赎回,
2014-08-04,1.023,1.055,1.79%,开放申购,开放赎回,
2014-08-01,1.005,1.037,-1.66%,开放申购,开放赎回,
2014-07-31,1.022,1.054,1.39%,开放申购,开放赎回,
2014-07-30,1.008,1.04,-1.85%,开放申购,开放赎回,
2014-07-29,1.027,1.059,0.79%,开放申购,开放赎回,
2014-07-28,1.019,1.051,1.29%,开放申购,开放赎回,
2014-07-25,1.006,1.038,0.20%,开放申购,开放赎回,
2014-07-24,1.004,1.036,3.08%,开放申购,开放赎回,
2014-07-23,0.974,1.006,0.41%,开放申购,开放赎回,
2014-07-22,0.97,1.002,1.15%,开放申购,开放赎回,
2014-07-21,0.959,0.991,0.42%,开放申购,开放赎回,
2014-07-18,0.955,0.987,2.36%,开放申购,开放赎回,
2014-07-17,0.933,0.965,-0.64%,开放申购,开放赎回,
2014-07-16,0.939,0.971,0.43%,开放申购,开放赎回,
2014-07-15,0.935,0.967,0.00%,开放申购,开放赎回,
2014-07-14,0.935,0.967,0.97%,开放申购,开放赎回,
2014-07-11,0.926,0.958,1.31%,开放申购,开放赎回,
2014-07-10,0.914,0.946,0.33%,开放申购,开放赎回,
2014-07-09,0.911,0.943,-1.41%,开放申购,开放赎回,
2014-07-08,0.924,0.956,0.00%,开放申购,开放赎回,
2014-07-07,0.924,0.956,1.54%,开放申购,开放赎回,
2014-07-04,0.91,0.942,1.00%,开放申购,开放赎回,
2014-07-03,0.901,0.933,1.12%,开放申购,开放赎回,
2014-07-02,0.891,0.923,0.23%,开放申购,开放赎回,
2014-07-01,0.889,0.921,0.00%,开放申购,开放赎回,
2014-06-30,0.889,0.921,0.34%,开放申购,开放赎回,
2014-06-27,0.886,0.918,0.34%,开放申购,开放赎回,
2014-06-26,0.883,0.915,1.03%,开放申购,开放赎回,
2014-06-25,0.874,0.906,-0.34%,开放申购,开放赎回,
2014-06-24,0.877,0.909,0.11%,开放申购,开放赎回,
2014-06-23,0.876,0.908,-0.34%,开放申购,开放赎回,
2014-06-20,0.879,0.911,0.80%,开放申购,开放赎回,
2014-05-21,0.876,0.908,0.92%,开放申购,开放赎回,
2014-05-20,0.868,0.9,0.46%,开放申购,开放赎回,
2014-05-19,0.864,0.896,-0.69%,开放申购,开放赎回,
2014-05-16,0.87,0.902,0.81%,开放申购,开放赎回,
2014-05-15,0.863,0.895,-1.48%,开放申购,开放赎回,
2014-05-14,0.876,0.908,0.69%,开放申购,开放赎回,
2014-05-13,0.87,0.902,1.16%,开放申购,开放赎回,
2014-05-12,0.86,0.892,1.06%,开放申购,开放赎回,
2014-05-09,0.851,0.883,-1.28%,开放申购,开放赎回,
2014-05-08,0.862,0.894,-0.12%,开放申购,开放赎回,
2014-05-07,0.863,0.895,-0.58%,开放申购,开放赎回,
2014-05-06,0.868,0.9,-0.46%,开放申购,开放赎回,
2014-05-05,0.872,0.904,-1.25%,开放申购,开放赎回,
2014-04-30,0.883,0.915,-0.56%,开放申购,开放赎回,
2014-04-29,0.888,0.92,-0.56%,开放申购,开放赎回,
2014-04-28,0.893,0.925,-1.65%,开放申购,开放赎回,
2014-04-25,0.908,0.94,-0.11%,开放申购,开放赎回,
2014-04-24,0.909,0.941,1.22%,开放申购,开放赎回,
2014-04-23,0.898,0.93,0.00%,开放申购,开放赎回,
2014-04-22,0.898,0.93,1.01%,开放申购,开放赎回,
2014-04-21,0.889,0.921,-1.55%,开放申购,开放赎回,
2014-04-18,0.903,0.935,-0.22%,开放申购,开放赎回,
2014-04-17,0.905,0.937,-0.55%,开放申购,开放赎回,
2014-04-16,0.91,0.942,0.78%,开放申购,开放赎回,
2014-04-15,0.903,0.935,-1.31%,开放申购,开放赎回,
2014-04-14,0.915,0.947,0.55%,开放申购,开放赎回,
2014-04-11,0.91,0.942,-0.44%,开放申购,开放赎回,
2014-04-10,0.914,0.946,-0.65%,开放申购,开放赎回,
2014-04-09,0.92,0.952,-0.11%,开放申购,开放赎回,
2014-04-08,0.921,0.953,0.77%,开放申购,开放赎回,
2014-04-04,0.914,0.946,0.33%,开放申购,开放赎回,
2014-04-03,0.911,0.943,-1.41%,开放申购,开放赎回,
2014-04-02,0.924,0.956,3.01%,开放申购,开放赎回,
2014-04-01,0.897,0.929,1.01%,开放申购,开放赎回,
2014-03-31,0.888,0.92,-0.34%,开放申购,开放赎回,
2014-03-28,0.891,0.923,-0.34%,开放申购,开放赎回,
2014-03-27,0.894,0.926,0.45%,开放申购,开放赎回,
2014-03-26,0.89,0.922,-0.67%,开放申购,开放赎回,
2014-03-25,0.896,0.928,-0.22%,开放申购,开放赎回,
2014-03-24,0.898,0.93,2.51%,开放申购,开放赎回,
2014-02-21,0.854,0.886,-1.16%,开放申购,开放赎回,
2014-02-20,0.864,0.896,-1.26%,开放申购,开放赎回,
2014-02-19,0.875,0.907,1.04%,开放申购,开放赎回,
2014-02-18,0.866,0.898,-0.69%,开放申购,开放赎回,
2014-02-17,0.872,0.904,0.11%,开放申购,开放赎回,
2014-02-14,0.871,0.903,0.58%,开放申购,开放赎回,
2014-02-13,0.866,0.898,-1.37%,开放申购,开放赎回,
2014-02-12,0.878,0.91,0.11%,开放申购,开放赎回,
2014-02-11,0.877,0.909,0.57%,开放申购,开放赎回,
2014-02-10,0.872,0.904,2.47%,开放申购,开放赎回,
2014-02-07,0.851,0.883,0.59%,开放申购,开放赎回,
2014-01-30,0.846,0.878,-1.40%,开放申购,开放赎回,
2014-01-29,0.858,0.89,0.00%,开放申购,开放赎回,
2014-01-28,0.858,0.89,-0.23%,开放申购,开放赎回,
2014-01-27,0.86,0.892,-0.92%,开放申购,开放赎回,
2014-01-24,0.868,0.9,2.36%,开放申购,开放赎回,
2014-01-23,0.848,0.88,-0.59%,开放申购,开放赎回,
2014-01-22,0.853,0.885,4.79%,开放申购,开放赎回,
2014-01-21,0.814,0.846,1.24%,开放申购,开放赎回,
2014-01-20,0.804,0.836,0.12%,开放申购,开放赎回,
2014-01-17,0.803,0.835,-1.47%,开放申购,开放赎回,
2014-01-16,0.815,0.847,0.37%,开放申购,开放赎回,
2014-01-15,0.812,0.844,-0.25%,开放申购,开放赎回,
2014-01-14,0.814,0.846,1.12%,开放申购,开放赎回,
2014-01-13,0.805,0.837,-1.59%,开放申购,开放赎回,
2014-01-10,0.818,0.85,-0.97%,开放申购,开放赎回,
2014-01-09,0.826,0.858,-0.12%,开放申购,开放赎回,
2014-01-08,0.827,0.859,-0.96%,开放申购,开放赎回,
2014-01-07,0.835,0.867,-0.60%,开放申购,开放赎回,
2014-01-06,0.84,0.872,-0.65%,开放申购,开放赎回,
2014-01-03,0.875,0.907,-1.46%,暂停申购,暂停赎回,
2014-01-02,0.888,0.92,-0.86%,暂停申购,暂停赎回,每份基金份额折算1.03490991份
2013-12-31,0.927,0.927,1.76%,开放申购,开放赎回,
2013-12-30,0.911,0.911,-0.33%,开放申购,开放赎回,
2013-12-27,0.914,0.914,1.67%,开放申购,开放赎回,
2013-12-26,0.899,0.899,-1.86%,开放申购,开放赎回,
2013-12-25,0.916,0.916,0.77%,开放申购,开放赎回,
2013-12-24,0.909,0.909,0.55%,开放申购,开放赎回,
2013-12-23,0.904,0.904,-0.88%,开放申购,开放赎回,
2013-12-20,0.912,0.912,-1.94%,开放申购,开放赎回,
2013-11-21,0.969,0.969,-1.82%,开放申购,开放赎回,
2013-11-20,0.987,0.987,0.20%,开放申购,开放赎回,
2013-11-19,0.985,0.985,-0.30%,开放申购,开放赎回,
2013-11-18,0.988,0.988,2.81%,开放申购,开放赎回,
2013-11-15,0.961,0.961,2.13%,开放申购,开放赎回,
2013-11-14,0.941,0.941,-0.21%,开放申购,开放赎回,
2013-11-13,0.943,0.943,-1.15%,开放申购,开放赎回,
2013-11-12,0.954,0.954,0.74%,开放申购,开放赎回,
2013-11-11,0.947,0.947,-1.46%,开放申购,开放赎回,
2013-11-08,0.961,0.961,-0.93%,开放申购,开放赎回,
2013-11-07,0.97,0.97,-0.61%,开放申购,开放赎回,
2013-11-06,0.976,0.976,-1.51%,开放申购,开放赎回,
2013-11-05,0.991,0.991,0.20%,开放申购,开放赎回,
2013-11-04,0.989,0.989,-0.50%,开放申购,开放赎回,
2013-11-01,0.994,0.994,0.61%,开放申购,开放赎回,
2013-10-31,0.988,0.988,0.92%,开放申购,开放赎回,
2013-10-30,0.979,0.979,1.35%,开放申购,开放赎回,
2013-10-29,0.966,0.966,-1.43%,开放申购,开放赎回,
2013-10-28,0.98,0.98,-0.71%,开放申购,开放赎回,
2013-10-25,0.987,0.987,-1.20%,开放申购,开放赎回,
2013-10-24,0.999,0.999,-0.79%,开放申购,开放赎回,
2013-10-23,1.007,1.007,-1.37%,开放申购,开放赎回,
2013-10-22,1.021,1.021,-1.26%,开放申购,开放赎回,
2013-10-21,1.034,1.034,1.27%,开放申购,开放赎回,
2013-10-18,1.021,1.021,0.49%,开放申购,开放赎回,
2013-10-17,1.016,1.016,-0.39%,开放申购,开放赎回,
2013-10-16,1.02,1.02,-2.86%,开放申购,开放赎回,
2013-10-15,1.05,1.05,-0.10%,开放申购,开放赎回,
2013-10-14,1.051,1.051,-0.76%,开放申购,开放赎回,
2013-10-11,1.059,1.059,1.15%,开放申购,开放赎回,
2013-10-10,1.047,1.047,0.19%,开放申购,开放赎回,
2013-10-09,1.045,1.045,-0.29%,开放申购,开放赎回,
2013-10-08,1.048,1.048,3.25%,开放申购,开放赎回,
2013-09-30,1.015,1.015,0.79%,开放申购,开放赎回,
2013-09-27,1.007,1.007,-0.79%,开放申购,开放赎回,
2013-09-26,1.015,1.015,-2.59%,开放申购,开放赎回,
2013-09-25,1.042,1.042,-0.95%,开放申购,开放赎回,
2013-09-24,1.052,1.052,-0.19%,开放申购,开放赎回,
2013-09-23,1.054,1.054,1.25%,开放申购,开放赎回,
2013-09-18,1.041,1.041,0.87%,开放申购,开放赎回,
2013-08-20,1.016,1.016,-1.45%,开放申购,开放赎回,
2013-08-19,1.031,1.031,0.29%,开放申购,开放赎回,
2013-08-16,1.028,1.028,-0.68%,开放申购,开放赎回,
2013-08-15,1.035,1.035,-1.71%,开放申购,开放赎回,
2013-08-14,1.053,1.053,-0.38%,开放申购,开放赎回,
2013-08-13,1.057,1.057,0.48%,开放申购,开放赎回,
2013-08-12,1.052,1.052,2.73%,开放申购,开放赎回,
2013-08-09,1.024,1.024,0.00%,开放申购,开放赎回,
2013-08-08,1.024,1.024,-0.87%,开放申购,开放赎回,
2013-08-07,1.033,1.033,0.58%,开放申购,开放赎回,
2013-08-06,1.027,1.027,-0.39%,开放申购,开放赎回,
2013-08-05,1.031,1.031,0.59%,开放申购,开放赎回,
2013-08-02,1.025,1.025,1.89%,开放申购,开放赎回,
2013-08-01,1.006,1.006,2.03%,开放申购,开放赎回,
2013-07-31,0.986,0.986,2.18%,开放申购,开放赎回,
2013-07-30,0.965,0.965,1.37%,开放申购,开放赎回,
2013-07-29,0.952,0.952,-2.56%,开放申购,开放赎回,
2013-07-26,0.977,0.977,-0.61%,开放申购,开放赎回,
2013-07-25,0.983,0.983,-0.30%,开放申购,开放赎回,
2013-07-24,0.986,0.986,-1.60%,开放申购,开放赎回,
2013-07-23,1.002,1.002,2.87%,开放申购,开放赎回,
2013-07-22,0.974,0.974,0.00%,开放申购,开放赎回,
2013-07-19,0.974,0.974,-4.23%,开放申购,开放赎回,
2013-07-18,1.017,1.017,-1.74%,开放申购,开放赎回,
2013-07-17,1.035,1.035,-0.10%,开放申购,开放赎回,
2013-07-16,1.036,1.036,-0.10%,开放申购,开放赎回,
2013-07-15,1.037,1.037,0.68%,开放申购,开放赎回,
2013-07-12,1.03,1.03,-2.09%,开放申购,开放赎回,
2013-07-11,1.052,1.052,3.95%,开放申购,开放赎回,
2013-07-10,1.012,1.012,4.65%,开放申购,开放赎回,
2013-07-09,0.967,0.967,-1.63%,开放申购,开放赎回,
2013-07-08,0.983,0.983,-1.70%,开放申购,开放赎回,
2013-07-05,1.0,1.0,2.35%,开放申购,开放赎回,
2013-07-04,0.977,0.977,2.63%,开放申购,开放赎回,
2013-07-03,0.952,0.952,-1.86%,开放申购,开放赎回,
2013-07-02,0.97,0.97,-0.21%,开放申购,开放赎回,
2013-07-01,0.972,0.972,0.31%,开放申购,开放赎回,
2013-06-30,0.969,0.969,0.00%,开放申购,开放赎回,
2013-06-28,0.969,0.969,4.31%,开放申购,开放赎回,
2013-06-27,0.929,0.929,0.65%,开放申购,开放赎回,
2013-05-24,1.102,1.102,0.09%,开放申购,开放赎回,
2013-05-23,1.101,1.101,-0.90%,开放申购,开放赎回,
2013-05-22,1.111,1.111,0.73%,开放申购,开放赎回,
2013-05-21,1.103,1.103,1.01%,开放申购,开放赎回,
2013-05-20,1.092,1.092,-0.37%,开放申购,开放赎回,
2013-05-17,1.096,1.096,2.72%,开放申购,开放赎回,
2013-05-16,1.067,1.067,3.59%,开放申购,开放赎回,
2013-05-15,1.03,1.03,0.19%,开放申购,开放赎回,
2013-05-14,1.028,1.028,-1.44%,开放申购,开放赎回,
2013-05-13,1.043,1.043,-0.86%,开放申购,开放赎回,
2013-05-10,1.052,1.052,1.15%,开放申购,开放赎回,
2013-05-09,1.04,1.04,-1.61%,开放申购,开放赎回,
2013-05-08,1.057,1.057,0.38%,开放申购,开放赎回,
2013-05-07,1.053,1.053,1.06%,开放申购,开放赎回,
2013-05-06,1.042,1.042,0.48%,开放申购,开放赎回,
2013-05-03,1.037,1.037,1.47%,开放申购,开放赎回,
2013-05-02,1.022,1.022,1.39%,开放申购,开放赎回,
2013-04-26,1.008,1.008,-0.10%,开放申购,开放赎回,
2013-04-25,1.009,1.009,-2.32%,开放申购,开放赎回,
2013-04-24,1.033,1.033,1.18%,开放申购,开放赎回,
2013-02-22,1.001,1.001,0.10%,封闭期,封闭期,
2013-02-08,1.0,1.0,--,封闭期,封闭期,
2013-02-06,1.0,1.0,--,封闭期,封闭期,
2013-02-22,1.001,1.001,0.10%,封闭期,封闭期,
2013-02-08,1.0,1.0,--,封闭期,封闭期,
2013-02-06,1.0,1.0,--,封闭期,封闭期,
2013-02-22,1.001,1.001,0.10%,封闭期,封闭期,
2013-02-08,1.0,1.0,--,封闭期,封闭期,
2013-02-06,1.0,1.0,--,封闭期,封闭期,
2013-02-22,1.001,1.001,0.10%,封闭期,封闭期,
2013-02-08,1.0,1.0,--,封闭期,封闭期,
2013-02-06,1.0,1.0,--,封闭期,封闭期,
2013-02-22,1.001,1.001,0.10%,封闭期,封闭期,
2013-02-08,1.0,1.0,--,封闭期,封闭期,
2013-02-06,1.0,1.0,--,封闭期,封闭期,
2013-02-22,1.001,1.001,0.10%,封闭期,封闭期,
2013-02-08,1.0,1.0,--,封闭期,封闭期,
2013-02-06,1.0,1.0,--,封闭期,封闭期,
2013-02-22,1.001,1.001,0.10%,封闭期,封闭期,
2013-02-08,1.0,1.0,--,封闭期,封闭期,
2013-02-06,1.0,1.0,--,封闭期,封闭期,
2013-02-22,1.001,1.001,0.10%,封闭期,封闭期,
2013-02-08,1.0,1.0,--,封闭期,封闭期,
2013-02-06,1.0,1.0,--,封闭期,封闭期,
2013-02-22,1.001,1.001,0.10%,封闭期,封闭期,
2013-02-08,1.0,1.0,--,封闭期,封闭期,
2013-02-06,1.0,1.0,--,封闭期,封闭期,
2013-02-22,1.001,1.001,0.10%,封闭期,封闭期,
2013-02-08,1.0,1.0,--,封闭期,封闭期,
2013-02-06,1.0,1.0,--,封闭期,封闭期,
2013-02-22,1.001,1.001,0.10%,封闭期,封闭期,
2013-02-08,1.0,1.0,--,封闭期,封闭期,
2013-02-06,1.0,1.0,--,封闭期,封闭期,
2013-02-22,1.001,1.001,0.10%,封闭期,封闭期,
2013-02-08,1.0,1.0,--,封闭期,封闭期,
2013-02-06,1.0,1.0,--,封闭期,封闭期,
2013-02-22,1.001,1.001,0.10%,封闭期,封闭期,
2013-02-08,1.0,1.0,--,封闭期,封闭期,
2013-02-06,1.0,1.0,--,封闭期,封闭期,
2013-02-22,1.001,1.001,0.10%,封闭期,封闭期,
2013-02-08,1.0,1.0,--,封闭期,封闭期,
2013-02-06,1.0,1.0,--,封闭期,封闭期,
2013-02-22,1.001,1.001,0.10%,封闭期,封闭期,
2013-02-08,1.0,1.0,--,封闭期,封闭期,
2013-02-06,1.0,1.0,--,封闭期,封闭期,
2013-02-22,1.001,1.001,0.10%,封闭期,封闭期,
2013-02-08,1.0,1.0,--,封闭期,封闭期,
2013-02-06,1.0,1.0,--,封闭期,封闭期,
2013-02-22,1.001,1.001,0.10%,封闭期,封闭期,
2013-02-08,1.0,1.0,--,封闭期,封闭期,
2013-02-06,1.0,1.0,--,封闭期,封闭期,
2013-02-22,1.001,1.001,0.10%,封闭期,封闭期,
2013-02-08,1.0,1.0,--,封闭期,封闭期,
2013-02-06,1.0,1.0,--,封闭期,封闭期,
2013-02-22,1.001,1.001,0.10%,封闭期,封闭期,
2013-02-08,1.0,1.0,--,封闭期,封闭期,
2013-02-06,1.0,1.0,--,封闭期,封闭期,
2013-02-22,1.001,1.001,0.10%,封闭期,封闭期,
2013-02-08,1.0,1.0,--,封闭期,封闭期,
2013-02-06,1.0,1.0,--,封闭期,封闭期,
2013-02-22,1.001,1.001,0.10%,封闭期,封闭期,
2013-02-08,1.0,1.0,--,封闭期,封闭期,
2013-02-06,1.0,1.0,--,封闭期,封闭期,
2013-02-22,1.001,1.001,0.10%,封闭期,封闭期,
2013-02-08,1.0,1.0,--,封闭期,封闭期,
2013-02-06,1.0,1.0,--,封闭期,封闭期,
2013-02-22,1.001,1.001,0.10%,封闭期,封闭期,
2013-02-08,1.0,1.0,--,封闭期,封闭期,
2013-02-06,1.0,1.0,--,封闭期,封闭期,
2013-02-22,1.001,1.001,0.10%,封闭期,封闭期,
2013-02-08,1.0,1.0,--,封闭期,封闭期,
2013-02-06,1.0,1.0,--,封闭期,封闭期,
2013-02-22,1.001,1.001,0.10%,封闭期,封闭期,
2013-02-08,1.0,1.0,--,封闭期,封闭期,
2013-02-06,1.0,1.0,--,封闭期,封闭期,
2013-02-22,1.001,1.001,0.10%,封闭期,封闭期,
2013-02-08,1.0,1.0,--,封闭期,封闭期,
2013-02-06,1.0,1.0,--,封闭期,封闭期,
2013-02-22,1.001,1.001,0.10%,封闭期,封闭期,
2013-02-08,1.0,1.0,--,封闭期,封闭期,
2013-02-06,1.0,1.0,--,封闭期,封闭期,
2013-02-22,1.001,1.001,0.10%,封闭期,封闭期,
2013-02-08,1.0,1.0,--,封闭期,封闭期,
2013-02-06,1.0,1.0,--,封闭期,封闭期,
2013-02-22,1.001,1.001,0.10%,封闭期,封闭期,
2013-02-08,1.0,1.0,--,封闭期,封闭期,
2013-02-06,1.0,1.0,--,封闭期,封闭期,
2013-02-22,1.001,1.001,0.10%,封闭期,封闭期,
2013-02-08,1.0,1.0,--,封闭期,封闭期,
2013-02-06,1.0,1.0,--,封闭期,封闭期,
2013-02-22,1.001,1.001,0.10%,封闭期,封闭期,
2013-02-08,1.0,1.0,--,封闭期,封闭期,
2013-02-06,1.0,1.0,--,封闭期,封闭期,
2013-02-22,1.001,1.001,0.10%,封闭期,封闭期,
2013-02-08,1.0,1.0,--,封闭期,封闭期,
2013-02-06,1.0,1.0,--,封闭期,封闭期,
2013-02-22,1.001,1.001,0.10%,封闭期,封闭期,
2013-02-08,1.0,1.0,--,封闭期,封闭期,
2013-02-06,1.0,1.0,--,封闭期,封闭期,
2013-02-22,1.001,1.001,0.10%,封闭期,封闭期,
2013-02-08,1.0,1.0,--,封闭期,封闭期,
2013-02-06,1.0,1.0,--,封闭期,封闭期,
2013-02-22,1.001,1.001,0.10%,封闭期,封闭期,
2013-02-08,1.0,1.0,--,封闭期,封闭期,
2013-02-06,1.0,1.0,--,封闭期,封闭期,
2013-02-22,1.001,1.001,0.10%,封闭期,封闭期,
2013-02-08,1.0,1.0,--,封闭期,封闭期,
2013-02-06,1.0,1.0,--,封闭期,封闭期,
2013-02-22,1.001,1.001,0.10%,封闭期,封闭期,
2013-02-08,1.0,1.0,--,封闭期,封闭期,
2013-02-06,1.0,1.0,--,封闭期,封闭期,
2013-02-22,1.001,1.001,0.10%,封闭期,封闭期,
2013-02-08,1.0,1.0,--,封闭期,封闭期,
2013-02-06,1.0,1.0,--,封闭期,封闭期,
2013-02-22,1.001,1.001,0.10%,封闭期,封闭期,
2013-02-08,1.0,1.0,--,封闭期,封闭期,
2013-02-06,1.0,1.0,--,封闭期,封闭期,
2013-02-22,1.001,1.001,0.10%,封闭期,封闭期,
2013-02-08,1.0,1.0,--,封闭期,封闭期,
2013-02-06,1.0,1.0,--,封闭期,封闭期,
2013-02-22,1.001,1.001,0.10%,封闭期,封闭期,
2013-02-08,1.0,1.0,--,封闭期,封闭期,
2013-02-06,1.0,1.0,--,封闭期,封闭期,
2013-02-22,1.001,1.001,0.10%,封闭期,封闭期,
2013-02-08,1.0,1.0,--,封闭期,封闭期,
2013-02-06,1.0,1.0,--,封闭期,封闭期,
2013-02-22,1.001,1.001,0.10%,封闭期,封闭期,
2013-02-08,1.0,1.0,--,封闭期,封闭期,
2013-02-06,1.0,1.0,--,封闭期,封闭期,
2013-02-22,1.001,1.001,0.10%,封闭期,封闭期,
2013-02-08,1.0,1.0,--,封闭期,封闭期,
2013-02-06,1.0,1.0,--,封闭期,封闭期,
2013-02-22,1.001,1.001,0.10%,封闭期,封闭期,
2013-02-08,1.0,1.0,--,封闭期,封闭期,
2013-02-06,1.0,1.0,--,封闭期,封闭期,
2013-02-22,1.001,1.001,0.10%,封闭期,封闭期,
2013-02-08,1.0,1.0,--,封闭期,封闭期,
2013-02-06,1.0,1.0,--,封闭期,封闭期,
2013-02-22,1.001,1.001,0.10%,封闭期,封闭期,
2013-02-08,1.0,1.0,--,封闭期,封闭期,
2013-02-06,1.0,1.0,--,封闭期,封闭期,
2013-02-22,1.001,1.001,0.10%,封闭期,封闭期,
2013-02-08,1.0,1.0,--,封闭期,封闭期,
2013-02-06,1.0,1.0,--,封闭期,封闭期,
2013-02-22,1.001,1.001,0.10%,封闭期,封闭期,
2013-02-08,1.0,1.0,--,封闭期,封闭期,
2013-02-06,1.0,1.0,--,封闭期,封闭期,
2013-02-22,1.001,1.001,0.10%,封闭期,封闭期,
2013-02-08,1.0,1.0,--,封闭期,封闭期,
2013-02-06,1.0,1.0,--,封闭期,封闭期,
2013-02-22,1.001,1.001,0.10%,封闭期,封闭期,
2013-02-08,1.0,1.0,--,封闭期,封闭期,
2013-02-06,1.0,1.0,--,封闭期,封闭期,
2013-02-22,1.001,1.001,0.10%,封闭期,封闭期,
2013-02-08,1.0,1.0,--,封闭期,封闭期,
2013-02-06,1.0,1.0,--,封闭期,封闭期,
2013-02-22,1.001,1.001,0.10%,封闭期,封闭期,
2013-02-08,1.0,1.0,--,封闭期,封闭期,
2013-02-06,1.0,1.0,--,封闭期,封闭期,
2013-02-22,1.001,1.001,0.10%,封闭期,封闭期,
2013-02-08,1.0,1.0,--,封闭期,封闭期,
2013-02-06,1.0,1.0,--,封闭期,封闭期,
2013-02-22,1.001,1.001,0.10%,封闭期,封闭期,
2013-02-08,1.0,1.0,--,封闭期,封闭期,
2013-02-06,1.0,1.0,--,封闭期,封闭期,
2013-02-22,1.001,1.001,0.10%,封闭期,封闭期,
2013-02-08,1.0,1.0,--,封闭期,封闭期,
2013-02-06,1.0,1.0,--,封闭期,封闭期,
2013-02-22,1.001,1.001,0.10%,封闭期,封闭期,
2013-02-08,1.0,1.0,--,封闭期,封闭期,
2013-02-06,1.0,1.0,--,封闭期,封闭期,
2013-02-22,1.001,1.001,0.10%,封闭期,封闭期,
2013-02-08,1.0,1.0,--,封闭期,封闭期,
2013-02-06,1.0,1.0,--,封闭期,封闭期,
2013-02-22,1.001,1.001,0.10%,封闭期,封闭期,
2013-02-08,1.0,1.0,--,封闭期,封闭期,
2013-02-06,1.0,1.0,--,封闭期,封闭期,
2013-02-22,1.001,1.001,0.10%,封闭期,封闭期,
2013-02-08,1.0,1.0,--,封闭期,封闭期,
2013-02-06,1.0,1.0,--,封闭期,封闭期,
2013-02-22,1.001,1.001,0.10%,封闭期,封闭期,
2013-02-08,1.0,1.0,--,封闭期,封闭期,
2013-02-06,1.0,1.0,--,封闭期,封闭期,
2013-02-22,1.001,1.001,0.10%,封闭期,封闭期,
2013-02-08,1.0,1.0,--,封闭期,封闭期,
2013-02-06,1.0,1.0,--,封闭期,封闭期,
2013-02-22,1.001,1.001,0.10%,封闭期,封闭期,
2013-02-08,1.0,1.0,--,封闭期,封闭期,
2013-02-06,1.0,1.0,--,封闭期,封闭期,
2013-02-22,1.001,1.001,0.10%,封闭期,封闭期,
2013-02-08,1.0,1.0,--,封闭期,封闭期,
2013-02-06,1.0,1.0,--,封闭期,封闭期,
2013-02-22,1.001,1.001,0.10%,封闭期,封闭期,
2013-02-08,1.0,1.0,--,封闭期,封闭期,
2013-02-06,1.0,1.0,--,封闭期,封闭期,
2013-02-22,1.001,1.001,0.10%,封闭期,封闭期,
2013-02-08,1.0,1.0,--,封闭期,封闭期,
2013-02-06,1.0,1.0,--,封闭期,封闭期,
2013-02-22,1.001,1.001,0.10%,封闭期,封闭期,
2013-02-08,1.0,1.0,--,封闭期,封闭期,
2013-02-06,1.0,1.0,--,封闭期,封闭期,
2013-02-22,1.001,1.001,0.10%,封闭期,封闭期,
2013-02-08,1.0,1.0,--,封闭期,封闭期,
2013-02-06,1.0,1.0,--,封闭期,封闭期,
2013-02-22,1.001,1.001,0.10%,封闭期,封闭期,
2013-02-08,1.0,1.0,--,封闭期,封闭期,
2013-02-06,1.0,1.0,--,封闭期,封闭期,
2013-02-22,1.001,1.001,0.10%,封闭期,封闭期,
2013-02-08,1.0,1.0,--,封闭期,封闭期,
2013-02-06,1.0,1.0,--,封闭期,封闭期,
2013-02-22,1.001,1.001,0.10%,封闭期,封闭期,
2013-02-08,1.0,1.0,--,封闭期,封闭期,
2013-02-06,1.0,1.0,--,封闭期,封闭期,
2013-02-22,1.001,1.001,0.10%,封闭期,封闭期,
2013-02-08,1.0,1.0,--,封闭期,封闭期,
2013-02-06,1.0,1.0,--,封闭期,封闭期,
2013-02-22,1.001,1.001,0.10%,封闭期,封闭期,
2013-02-08,1.0,1.0,--,封闭期,封闭期,
2013-02-06,1.0,1.0,--,封闭期,封闭期,
2013-02-22,1.001,1.001,0.10%,封闭期,封闭期,
2013-02-08,1.0,1.0,--,封闭期,封闭期,
2013-02-06,1.0,1.0,--,封闭期,封闭期,
2013-02-22,1.001,1.001,0.10%,封闭期,封闭期,
2013-02-08,1.0,1.0,--,封闭期,封闭期,
2013-02-06,1.0,1.0,--,封闭期,封闭期,
2013-02-22,1.001,1.001,0.10%,封闭期,封闭期,
2013-02-08,1.0,1.0,--,封闭期,封闭期,
2013-02-06,1.0,1.0,--,封闭期,封闭期,
2013-02-22,1.001,1.001,0.10%,封闭期,封闭期,
2013-02-08,1.0,1.0,--,封闭期,封闭期,
2013-02-06,1.0,1.0,--,封闭期,封闭期,
