净值日期,单位净值,累计净值,日增长率,申购状态,赎回状态,分红送配
2022-03-30,1.5525,1.8841,3.29%,开放申购,开放赎回,
2022-03-29,1.503,1.8346,-0.62%,开放申购,开放赎回,
2022-03-28,1.5124,1.844,0.70%,开放申购,开放赎回,
2022-03-25,1.5019,1.8335,-0.94%,开放申购,开放赎回,
2022-03-24,1.5161,1.8477,-0.59%,开放申购,开放赎回,
2022-03-23,1.5251,1.8567,0.45%,开放申购,开放赎回,
2022-03-22,1.5182,1.8498,2.11%,开放申购,开放赎回,
2022-03-21,1.4869,1.8185,-1.56%,开放申购,开放赎回,
2022-03-18,1.5104,1.842,3.01%,开放申购,开放赎回,
2022-03-17,1.4663,1.7979,4.22%,开放申购,开放赎回,
2022-03-16,1.4069,1.7385,5.31%,开放申购,开放赎回,
2022-03-15,1.3359,1.6675,-7.33%,开放申购,开放赎回,
2022-03-14,1.4415,1.7731,-3.53%,开放申购,开放赎回,
2022-03-11,1.4942,1.8258,-0.57%,开放申购,开放赎回,
2022-03-10,1.5027,1.8343,0.33%,开放申购,开放赎回,
2022-03-09,1.4978,1.8294,-1.45%,开放申购,开放赎回,
2022-03-08,1.5199,1.8515,-2.55%,开放申购,开放赎回,
2022-03-07,1.5597,1.8913,-1.12%,开放申购,开放赎回,
2022-03-04,1.5774,1.909,-0.80%,开放申购,开放赎回,
2022-03-03,1.5902,1.9218,1.52%,开放申购,开放赎回,
2021-12-28,1.5191,1.8507,0.40%,开放申购,开放赎回,
2021-12-27,1.5131,1.8447,0.83%,暂停申购,暂停赎回,
2021-12-24,1.5006,1.8322,0.09%,开放申购,开放赎回,
2021-12-23,1.4993,1.8309,0.13%,开放申购,开放赎回,
2021-12-22,1.4973,1.8289,-0.37%,开放申购,开放赎回,
2021-12-21,1.5028,1.8344,1.97%,开放申购,开放赎回,
2021-12-20,1.4737,1.8053,-0.31%,开放申购,开放赎回,
2021-12-17,1.4783,1.8099,-0.50%,开放申购,开放赎回,
2021-12-16,1.4858,1.8174,1.39%,开放申购,开放赎回,
2021-12-15,1.4654,1.797,-0.08%,开放申购,开放赎回,
2021-12-14,1.4666,1.7982,-2.10%,开放申购,开放赎回,
2021-12-13,1.498,1.8296,-0.21%,开放申购,开放赎回,
2021-12-10,1.5012,1.8328,-1.07%,开放申购,开放赎回,
2021-12-09,1.5174,1.849,1.42%,开放申购,开放赎回,
2021-12-08,1.4961,1.8277,-0.08%,开放申购,开放赎回,
2021-12-07,1.4973,1.8289,1.65%,开放申购,开放赎回,
2021-12-06,1.473,1.8046,0.57%,开放申购,开放赎回,
2021-12-03,1.4646,1.7962,1.17%,开放申购,开放赎回,
2021-12-02,1.4476,1.7792,0.89%,开放申购,开放赎回,
2021-12-01,1.4349,1.7665,1.18%,开放申购,开放赎回,
2021-11-30,1.4181,1.7497,-0.48%,开放申购,开放赎回,
2021-11-29,1.425,1.7566,-0.94%,开放申购,开放赎回,
2021-11-26,1.4385,1.7701,-0.97%,开放申购,开放赎回,
2021-11-25,1.4526,1.7842,-0.24%,开放申购,开放赎回,
2021-11-24,1.4561,1.7877,0.11%,开放申购,开放赎回,
2021-11-23,1.4545,1.7861,0.83%,开放申购,开放赎回,
2021-11-22,1.4425,1.7741,-1.49%,开放申购,开放赎回,
2021-11-19,1.4643,1.7959,2.40%,开放申购,开放赎回,
2021-11-18,1.43,1.7616,-1.45%,开放申购,开放赎回,
2021-11-17,1.451,1.7826,-0.21%,开放申购,开放赎回,
2021-11-16,1.4541,1.7857,-0.31%,开放申购,开放赎回,
2021-11-15,1.4586,1.7902,-0.50%,开放申购,开放赎回,
2021-11-12,1.4659,1.7975,-0.59%,开放申购,开放赎回,
2021-11-11,1.4746,1.8062,4.93%,开放申购,开放赎回,
2021-11-10,1.4053,1.7369,1.73%,开放申购,开放赎回,
2021-11-09,1.3814,1.713,0.04%,开放申购,开放赎回,
2021-11-08,1.3808,1.7124,0.45%,开放申购,开放赎回,
2021-11-05,1.3746,1.7062,-1.30%,开放申购,开放赎回,
2021-11-04,1.3927,1.7243,-0.39%,开放申购,开放赎回,
2021-11-03,1.3982,1.7298,1.45%,开放申购,开放赎回,
2021-09-28,1.5011,1.8327,2.49%,开放申购,开放赎回,
2021-09-27,1.4646,1.7962,-1.84%,开放申购,开放赎回,
2021-09-24,1.4921,1.8237,-2.01%,开放申购,开放赎回,
2021-09-23,1.5227,1.8543,1.14%,开放申购,开放赎回,
2021-09-22,1.5055,1.8371,1.56%,暂停申购,暂停赎回,
2021-09-17,1.4824,1.814,0.93%,暂停申购,暂停赎回,
2021-09-16,1.4687,1.8003,-1.94%,暂停申购,暂停赎回,
2021-09-15,1.4978,1.8294,-1.96%,开放申购,开放赎回,
2021-09-14,1.5277,1.8593,-2.30%,开放申购,开放赎回,
2021-09-13,1.5636,1.8952,1.49%,开放申购,开放赎回,
2021-09-10,1.5406,1.8722,0.65%,开放申购,开放赎回,
2021-09-09,1.5306,1.8622,0.43%,开放申购,开放赎回,
2021-09-08,1.5241,1.8557,0.14%,开放申购,开放赎回,
2021-09-07,1.522,1.8536,0.77%,开放申购,开放赎回,
2021-09-06,1.5104,1.842,0.83%,开放申购,开放赎回,
2021-09-03,1.4979,1.8295,-0.47%,开放申购,开放赎回,
2021-09-02,1.5049,1.8365,1.44%,开放申购,开放赎回,
2021-09-01,1.4835,1.8151,4.06%,开放申购,开放赎回,
2021-08-31,1.4256,1.7572,2.16%,开放申购,开放赎回,
2021-08-30,1.3955,1.7271,-1.83%,开放申购,开放赎回,
2021-08-27,1.4215,1.7531,-0.32%,开放申购,开放赎回,
2021-08-26,1.4261,1.7577,-1.85%,开放申购,开放赎回,
2021-08-25,1.453,1.7846,-0.57%,开放申购,开放赎回,
2021-08-24,1.4614,1.793,0.03%,开放申购,开放赎回,
2021-08-23,1.461,1.7926,0.26%,开放申购,开放赎回,
2021-08-20,1.4572,1.7888,0.43%,开放申购,开放赎回,
2021-08-19,1.451,1.7826,-1.71%,开放申购,开放赎回,
2021-08-18,1.4762,1.8078,1.58%,开放申购,开放赎回,
2021-08-17,1.4532,1.7848,-0.24%,开放申购,开放赎回,
2021-08-16,1.4567,1.7883,0.80%,开放申购,开放赎回,
2021-08-13,1.4451,1.7767,-0.31%,开放申购,开放赎回,
2021-08-12,1.4496,1.7812,-1.21%,开放申购,开放赎回,
2021-08-11,1.4673,1.7989,2.22%,开放申购,开放赎回,
2021-08-10,1.4354,1.767,0.55%,开放申购,开放赎回,
2021-08-09,1.4276,1.7592,3.81%,开放申购,开放赎回,
2021-08-06,1.3752,1.7068,0.21%,开放申购,开放赎回,
2021-08-05,1.3723,1.7039,0.88%,开放申购,开放赎回,
2021-08-04,1.3603,1.6919,-0.07%,开放申购,开放赎回,
2021-08-03,1.3613,1.6929,0.24%,开放申购,开放赎回,
2021-08-02,1.358,1.6896,2.57%,开放申购,开放赎回,
2021-07-02,1.4324,1.764,-2.09%,开放申购,开放赎回,
2021-07-01,1.463,1.7946,1.53%,暂停申购,暂停赎回,
2021-06-30,1.441,1.7726,0.48%,开放申购,开放赎回,
2021-06-29,1.4341,1.7657,-0.87%,开放申购,开放赎回,
2021-06-28,1.4467,1.7783,-0.70%,开放申购,开放赎回,
2021-06-25,1.4569,1.7885,1.08%,开放申购,开放赎回,
2021-06-24,1.4413,1.7729,0.13%,开放申购,开放赎回,
2021-06-23,1.4394,1.771,0.86%,开放申购,开放赎回,
2021-06-22,1.4271,1.7587,0.31%,开放申购,开放赎回,
2021-06-21,1.4227,1.7543,-0.93%,开放申购,开放赎回,
2021-06-18,1.4361,1.7677,-0.62%,开放申购,开放赎回,
2021-06-17,1.4451,1.7767,-0.07%,开放申购,开放赎回,
2021-06-16,1.4461,1.7777,-0.30%,开放申购,开放赎回,
2021-06-15,1.4504,1.782,-1.36%,开放申购,开放赎回,
2021-06-11,1.4704,1.802,-0.64%,开放申购,开放赎回,
2021-06-10,1.4799,1.8115,0.20%,开放申购,开放赎回,
2021-06-09,1.477,1.8086,-0.14%,开放申购,开放赎回,
2021-06-08,1.4791,1.8107,-0.33%,开放申购,开放赎回,
2021-06-07,1.484,1.8156,-0.13%,开放申购,开放赎回,
2021-06-04,1.486,1.8176,0.20%,开放申购,开放赎回,
2021-06-03,1.4831,1.8147,-0.30%,开放申购,开放赎回,
2021-06-02,1.4875,1.8191,0.06%,开放申购,开放赎回,
2021-06-01,1.4866,1.8182,0.05%,开放申购,开放赎回,
2021-05-31,1.4858,1.8174,-0.17%,开放申购,开放赎回,
2021-05-28,1.4883,1.8199,-0.75%,开放申购,开放赎回,
2021-05-27,1.4995,1.8311,0.09%,开放申购,开放赎回,
2021-05-26,1.4982,1.8298,0.38%,开放申购,开放赎回,
2021-05-25,1.4926,1.8242,2.25%,开放申购,开放赎回,
2021-05-24,1.4598,1.7914,0.10%,开放申购,开放赎回,
2021-05-21,1.4583,1.7899,-0.57%,开放申购,开放赎回,
2021-05-20,1.4667,1.7983,0.33%,开放申购,开放赎回,
2021-05-19,1.4619,1.7935,-1.04%,暂停申购,暂停赎回,
2021-05-18,1.4773,1.8089,0.16%,开放申购,开放赎回,
2021-05-17,1.4749,1.8065,0.85%,开放申购,开放赎回,
2021-05-14,1.4625,1.7941,1.14%,开放申购,开放赎回,
2021-05-13,1.446,1.7776,-1.14%,开放申购,开放赎回,
2021-05-12,1.4627,1.7943,-0.16%,开放申购,开放赎回,
2021-05-11,1.465,1.7966,0.53%,开放申购,开放赎回,
2021-05-10,1.4573,1.7889,-0.14%,开放申购,开放赎回,
2021-05-07,1.4593,1.7909,-0.16%,开放申购,开放赎回,
2021-04-02,1.4812,1.8128,-0.18%,暂停申购,暂停赎回,
2021-04-01,1.4839,1.8155,0.80%,开放申购,开放赎回,
2021-03-31,1.4721,1.8037,-0.59%,开放申购,开放赎回,
2021-03-30,1.4809,1.8125,0.60%,开放申购,开放赎回,
2021-03-29,1.4721,1.8037,0.53%,开放申购,开放赎回,
2021-03-26,1.4643,1.7959,1.59%,开放申购,开放赎回,
2021-03-25,1.4414,1.773,0.13%,开放申购,开放赎回,
2021-03-24,1.4395,1.7711,-1.97%,开放申购,开放赎回,
2021-03-23,1.4685,1.8001,-0.65%,开放申购,开放赎回,
2021-03-22,1.4781,1.8097,1.31%,开放申购,开放赎回,
2021-03-19,1.459,1.7906,-1.59%,开放申购,开放赎回,
2021-03-18,1.4826,1.8142,0.68%,开放申购,开放赎回,
2021-03-17,1.4726,1.8042,-0.30%,开放申购,开放赎回,
2021-03-16,1.477,1.809,1.65%,开放申购,开放赎回,
2021-03-15,1.453,1.785,-0.82%,开放申购,开放赎回,
2021-03-12,1.465,1.797,1.31%,开放申购,开放赎回,
2021-03-11,1.446,1.778,2.34%,开放申购,开放赎回,
2021-03-10,1.413,1.745,-0.56%,开放申购,开放赎回,
2021-03-09,1.421,1.753,-1.52%,开放申购,开放赎回,
2021-03-08,1.443,1.775,-1.70%,开放申购,开放赎回,
2021-03-05,1.468,1.8,-1.08%,开放申购,开放赎回,
2021-03-04,1.484,1.816,-1.66%,开放申购,开放赎回,
2021-03-03,1.509,1.841,1.82%,开放申购,开放赎回,
2021-03-02,1.482,1.814,-0.34%,开放申购,开放赎回,
2021-03-01,1.487,1.819,1.43%,开放申购,开放赎回,
2021-02-26,1.466,1.798,-2.07%,开放申购,开放赎回,
2021-02-25,1.497,1.829,2.82%,开放申购,开放赎回,
2021-02-24,1.456,1.788,-0.75%,开放申购,开放赎回,
2021-02-23,1.467,1.799,-0.74%,开放申购,开放赎回,
2021-02-22,1.478,1.81,-0.07%,开放申购,开放赎回,
2021-02-19,1.479,1.811,1.86%,开放申购,开放赎回,
2021-02-18,1.452,1.784,2.40%,开放申购,开放赎回,
2021-02-10,1.418,1.75,0.57%,暂停申购,暂停赎回,
2021-02-09,1.41,1.742,1.22%,暂停申购,暂停赎回,
2021-02-08,1.393,1.725,0.00%,开放申购,开放赎回,
2021-02-05,1.393,1.725,1.75%,开放申购,开放赎回,
2021-02-04,1.369,1.701,-0.44%,开放申购,开放赎回,
2021-02-03,1.375,1.707,-0.94%,开放申购,开放赎回,
2021-02-02,1.388,1.72,0.65%,开放申购,开放赎回,
2021-02-01,1.379,1.711,1.10%,开放申购,开放赎回,
2020-12-31,1.375,1.707,1.63%,开放申购,开放赎回,
2020-12-30,1.353,1.685,0.15%,开放申购,开放赎回,
2020-12-29,1.351,1.683,0.52%,开放申购,开放赎回,
2020-12-28,1.344,1.676,-0.22%,开放申购,开放赎回,
2020-12-25,1.347,1.679,0.52%,暂停申购,暂停赎回,
2020-12-24,1.34,1.672,-0.81%,暂停申购,暂停赎回,
2020-12-23,1.351,1.683,0.00%,开放申购,开放赎回,
2020-12-22,1.351,1.683,-1.75%,开放申购,开放赎回,
2020-12-21,1.375,1.707,-0.22%,开放申购,开放赎回,
2020-12-18,1.378,1.71,-0.72%,开放申购,开放赎回,
2020-12-17,1.388,1.72,0.43%,开放申购,开放赎回,
2020-12-16,1.382,1.714,-0.07%,开放申购,开放赎回,
2020-12-15,1.383,1.715,-0.14%,开放申购,开放赎回,
2020-12-14,1.385,1.717,0.73%,开放申购,开放赎回,
2020-12-11,1.375,1.707,-1.01%,开放申购,开放赎回,
2020-12-10,1.389,1.721,-0.29%,开放申购,开放赎回,
2020-12-09,1.393,1.725,-1.00%,开放申购,开放赎回,
2020-12-08,1.407,1.739,-0.64%,开放申购,开放赎回,
2020-12-07,1.416,1.748,-1.26%,开放申购,开放赎回,
2020-12-04,1.434,1.766,-0.90%,开放申购,开放赎回,
2020-12-03,1.447,1.779,-0.55%,开放申购,开放赎回,
2020-12-02,1.455,1.787,0.07%,开放申购,开放赎回,
2020-12-01,1.454,1.786,1.25%,开放申购,开放赎回,
2020-11-30,1.436,1.768,-0.69%,开放申购,开放赎回,
2020-11-27,1.446,1.778,1.12%,开放申购,开放赎回,
2020-11-26,1.43,1.762,0.00%,开放申购,开放赎回,
2020-11-25,1.43,1.762,-0.76%,开放申购,开放赎回,
2020-11-24,1.441,1.773,-0.76%,开放申购,开放赎回,
2020-11-23,1.452,1.784,0.97%,开放申购,开放赎回,
2020-11-20,1.438,1.77,-0.14%,开放申购,开放赎回,
2020-11-19,1.44,1.772,0.77%,开放申购,开放赎回,
2020-11-18,1.429,1.761,0.56%,开放申购,开放赎回,
2020-11-17,1.421,1.753,1.00%,开放申购,开放赎回,
2020-11-16,1.407,1.739,1.37%,开放申购,开放赎回,
2020-11-13,1.388,1.72,-1.56%,开放申购,开放赎回,
2020-11-12,1.41,1.742,0.00%,开放申购,开放赎回,
2020-11-11,1.41,1.742,0.79%,开放申购,开放赎回,
2020-11-10,1.399,1.731,-0.21%,开放申购,开放赎回,
2020-11-09,1.402,1.734,0.86%,开放申购,开放赎回,
2020-11-06,1.39,1.722,0.14%,开放申购,开放赎回,
2020-09-30,1.306,1.638,-0.31%,暂停申购,暂停赎回,
2020-09-29,1.31,1.642,-0.46%,暂停申购,暂停赎回,
2020-09-28,1.316,1.648,0.53%,开放申购,开放赎回,
2020-09-25,1.309,1.641,-1.13%,开放申购,开放赎回,
2020-09-24,1.324,1.656,-1.71%,开放申购,开放赎回,
2020-09-23,1.347,1.679,-0.22%,开放申购,开放赎回,
2020-09-22,1.35,1.682,-1.53%,开放申购,开放赎回,
2020-09-21,1.371,1.703,-0.58%,开放申购,开放赎回,
2020-09-18,1.379,1.711,2.38%,开放申购,开放赎回,
2020-09-17,1.347,1.679,-0.07%,开放申购,开放赎回,
2020-09-16,1.348,1.68,0.37%,开放申购,开放赎回,
2020-09-15,1.343,1.675,0.90%,开放申购,开放赎回,
2020-09-14,1.331,1.663,0.23%,开放申购,开放赎回,
2020-09-11,1.328,1.66,0.08%,开放申购,开放赎回,
2020-09-10,1.327,1.659,0.68%,开放申购,开放赎回,
2020-09-09,1.318,1.65,-2.15%,开放申购,开放赎回,
2020-09-08,1.347,1.679,1.13%,开放申购,开放赎回,
2020-09-07,1.332,1.664,-0.45%,开放申购,开放赎回,
2020-09-04,1.338,1.67,-0.37%,开放申购,开放赎回,
2020-09-03,1.343,1.675,-0.59%,开放申购,开放赎回,
2020-09-02,1.351,1.683,0.30%,开放申购,开放赎回,
2020-09-01,1.347,1.679,0.52%,开放申购,开放赎回,
2020-08-31,1.34,1.672,-1.11%,开放申购,开放赎回,
2020-08-28,1.355,1.687,1.73%,开放申购,开放赎回,
2020-08-27,1.332,1.664,-0.15%,开放申购,开放赎回,
2020-08-26,1.334,1.666,-1.04%,开放申购,开放赎回,
2020-08-25,1.348,1.68,-0.15%,开放申购,开放赎回,
2020-08-24,1.35,1.682,0.30%,开放申购,开放赎回,
2020-08-21,1.346,1.678,0.67%,开放申购,开放赎回,
2020-08-20,1.337,1.669,-0.82%,开放申购,开放赎回,
2020-08-19,1.348,1.68,-0.96%,开放申购,开放赎回,
2020-08-18,1.361,1.693,-0.73%,开放申购,开放赎回,
2020-08-17,1.371,1.703,2.31%,开放申购,开放赎回,
2020-08-14,1.34,1.672,1.36%,开放申购,开放赎回,
2020-08-13,1.322,1.654,0.15%,开放申购,开放赎回,
2020-08-12,1.32,1.652,0.00%,开放申购,开放赎回,
2020-08-11,1.32,1.652,-0.60%,开放申购,开放赎回,
2020-08-10,1.328,1.66,1.68%,开放申购,开放赎回,
2020-08-07,1.306,1.638,0.23%,开放申购,开放赎回,
2020-08-06,1.303,1.635,0.93%,开放申购,开放赎回,
2020-07-08,1.273,1.605,0.55%,开放申购,开放赎回,
2020-07-07,1.266,1.598,0.16%,开放申购,开放赎回,
2020-07-06,1.264,1.596,5.33%,开放申购,开放赎回,
2020-07-03,1.2,1.532,1.44%,开放申购,开放赎回,
2020-07-02,1.183,1.515,2.42%,开放申购,开放赎回,
2020-07-01,1.155,1.487,3.31%,暂停申购,暂停赎回,
2020-06-30,1.118,1.45,0.90%,开放申购,开放赎回,
2020-06-29,1.108,1.44,-0.72%,开放申购,开放赎回,
2020-06-24,1.116,1.448,1.36%,暂停申购,暂停赎回,
2020-06-23,1.101,1.433,-0.36%,暂停申购,暂停赎回,
2020-06-22,1.105,1.437,-0.90%,开放申购,开放赎回,
2020-06-19,1.115,1.447,0.81%,开放申购,开放赎回,
2020-06-18,1.106,1.438,0.55%,开放申购,开放赎回,
2020-06-17,1.1,1.432,-0.27%,开放申购,开放赎回,
2020-06-16,1.103,1.435,1.47%,开放申购,开放赎回,
2020-06-15,1.087,1.419,-1.18%,开放申购,开放赎回,
2020-06-12,1.1,1.432,0.00%,开放申购,开放赎回,
2020-06-11,1.1,1.432,-0.99%,开放申购,开放赎回,
2020-06-10,1.111,1.443,-0.09%,开放申购,开放赎回,
2020-06-09,1.112,1.444,0.45%,开放申购,开放赎回,
2020-06-08,1.107,1.439,0.73%,开放申购,开放赎回,
2020-06-05,1.099,1.431,-0.09%,开放申购,开放赎回,
2020-06-04,1.1,1.432,-0.27%,开放申购,开放赎回,
2020-06-03,1.103,1.435,0.09%,开放申购,开放赎回,
2020-06-02,1.102,1.434,1.01%,开放申购,开放赎回,
2020-06-01,1.091,1.423,2.54%,开放申购,开放赎回,
2020-05-29,1.064,1.396,-0.37%,开放申购,开放赎回,
2020-05-28,1.068,1.4,0.47%,开放申购,开放赎回,
2020-05-27,1.063,1.395,-0.09%,开放申购,开放赎回,
2020-05-26,1.064,1.396,0.76%,开放申购,开放赎回,
2020-05-25,1.056,1.388,0.28%,开放申购,开放赎回,
2020-05-22,1.053,1.385,-1.86%,开放申购,开放赎回,
2020-05-21,1.073,1.405,-0.65%,开放申购,开放赎回,
2020-05-20,1.08,1.412,-0.64%,开放申购,开放赎回,
2020-05-19,1.087,1.419,0.56%,开放申购,开放赎回,
2020-05-18,1.081,1.413,0.56%,开放申购,开放赎回,
2020-05-15,1.075,1.407,-0.37%,开放申购,开放赎回,
2020-05-14,1.079,1.411,-1.73%,开放申购,开放赎回,
2020-05-13,1.098,1.43,-0.18%,开放申购,开放赎回,
2020-05-12,1.1,1.432,-0.63%,开放申购,开放赎回,
2020-04-08,1.069,1.401,-0.74%,开放申购,开放赎回,
2020-04-07,1.077,1.409,2.18%,开放申购,开放赎回,
2020-04-03,1.054,1.386,-0.57%,暂停申购,暂停赎回,
2020-04-02,1.06,1.392,0.86%,暂停申购,暂停赎回,
2020-04-01,1.051,1.383,0.00%,开放申购,开放赎回,
2020-03-31,1.051,1.383,-0.57%,开放申购,开放赎回,
2020-03-30,1.057,1.389,-1.12%,开放申购,开放赎回,
2020-03-27,1.069,1.401,0.66%,开放申购,开放赎回,
2020-03-26,1.062,1.394,-0.28%,开放申购,开放赎回,
2020-03-25,1.065,1.397,3.40%,开放申购,开放赎回,
2020-03-24,1.03,1.362,3.21%,开放申购,开放赎回,
2020-03-23,0.998,1.33,-3.67%,开放申购,开放赎回,
2020-03-20,1.036,1.368,1.97%,开放申购,开放赎回,
2020-03-19,1.016,1.348,-1.84%,开放申购,开放赎回,
2020-03-18,1.035,1.367,-2.17%,开放申购,开放赎回,
2020-03-17,1.058,1.39,-0.47%,开放申购,开放赎回,
2020-03-16,1.063,1.395,-3.63%,开放申购,开放赎回,
2020-03-13,1.103,1.435,-1.25%,开放申购,开放赎回,
2020-03-12,1.117,1.449,-1.67%,开放申购,开放赎回,
2020-03-11,1.136,1.468,-1.47%,开放申购,开放赎回,
2020-03-10,1.153,1.485,1.59%,开放申购,开放赎回,
2020-03-09,1.135,1.467,-2.91%,开放申购,开放赎回,
2020-03-06,1.169,1.501,-2.01%,开放申购,开放赎回,
2020-03-05,1.193,1.525,1.27%,开放申购,开放赎回,
2020-03-04,1.178,1.51,1.38%,开放申购,开放赎回,
2020-03-03,1.162,1.494,0.00%,开放申购,开放赎回,
2020-03-02,1.162,1.494,4.40%,开放申购,开放赎回,
2020-02-28,1.113,1.445,-2.02%,开放申购,开放赎回,
2020-02-27,1.136,1.468,0.62%,开放申购,开放赎回,
2020-02-26,1.129,1.461,0.89%,开放申购,开放赎回,
2020-02-25,1.119,1.451,-0.27%,开放申购,开放赎回,
2020-02-24,1.122,1.454,-0.97%,开放申购,开放赎回,
2020-02-21,1.133,1.465,-0.18%,开放申购,开放赎回,
2020-02-20,1.135,1.467,1.43%,开放申购,开放赎回,
2020-02-19,1.119,1.451,-0.27%,开放申购,开放赎回,
2020-02-18,1.122,1.454,-0.88%,开放申购,开放赎回,
2020-02-17,1.132,1.464,1.34%,开放申购,开放赎回,
2020-02-14,1.117,1.449,1.36%,开放申购,开放赎回,
2020-02-13,1.102,1.434,-0.18%,开放申购,开放赎回,
2020-02-12,1.104,1.436,0.55%,开放申购,开放赎回,
2020-01-06,1.152,1.484,-0.52%,开放申购,开放赎回,
2020-01-03,1.158,1.49,-0.43%,开放申购,开放赎回,
2020-01-02,1.163,1.495,1.66%,开放申购,开放赎回,
2019-12-31,1.144,1.476,0.53%,开放申购,开放赎回,
2019-12-30,1.138,1.47,1.43%,开放申购,开放赎回,
2019-12-27,1.122,1.454,-0.18%,开放申购,开放赎回,
2019-12-26,1.124,1.456,1.81%,暂停申购,暂停赎回,
2019-12-25,1.104,1.436,0.00%,暂停申购,暂停赎回,
2019-12-24,1.104,1.436,0.46%,开放申购,开放赎回,
2019-12-23,1.099,1.431,-0.90%,开放申购,开放赎回,
2019-12-20,1.109,1.441,0.00%,开放申购,开放赎回,
2019-12-19,1.109,1.441,0.36%,开放申购,开放赎回,
2019-12-18,1.105,1.437,-0.27%,开放申购,开放赎回,
2019-12-17,1.108,1.44,1.28%,开放申购,开放赎回,
2019-12-16,1.094,1.426,0.55%,开放申购,开放赎回,
2019-12-13,1.088,1.42,1.68%,开放申购,开放赎回,
2019-12-12,1.07,1.402,-0.28%,开放申购,开放赎回,
2019-12-11,1.073,1.405,0.56%,开放申购,开放赎回,
2019-12-10,1.067,1.399,-0.09%,开放申购,开放赎回,
2019-12-09,1.068,1.4,0.85%,开放申购,开放赎回,
2019-12-06,1.059,1.391,0.47%,开放申购,开放赎回,
2019-12-05,1.054,1.386,0.67%,开放申购,开放赎回,
2019-12-04,1.047,1.379,-0.66%,开放申购,开放赎回,
2019-12-03,1.054,1.386,0.10%,开放申购,开放赎回,
2019-12-02,1.053,1.385,0.86%,开放申购,开放赎回,
2019-11-29,1.044,1.376,-0.67%,开放申购,开放赎回,
2019-11-28,1.051,1.383,-0.66%,限制大额申购,开放赎回,
2019-11-27,1.058,1.39,-0.28%,限制大额申购,开放赎回,
2019-11-26,1.061,1.393,-0.24%,限制大额申购,开放赎回,每份派现金0.1760元
2019-11-25,1.24,1.396,1.89%,限制大额申购,开放赎回,
2019-11-22,1.217,1.373,-0.16%,限制大额申购,开放赎回,
2019-11-21,1.219,1.375,-0.25%,限制大额申购,开放赎回,
2019-11-20,1.222,1.378,-0.81%,限制大额申购,开放赎回,
2019-11-19,1.232,1.388,1.07%,限制大额申购,开放赎回,
2019-11-18,1.219,1.375,1.08%,限制大额申购,开放赎回,
2019-11-15,1.206,1.362,-0.74%,限制大额申购,开放赎回,
2019-11-14,1.215,1.371,0.25%,限制大额申购,开放赎回,
2019-11-13,1.212,1.368,-0.08%,限制大额申购,开放赎回,
2019-11-12,1.213,1.369,0.00%,限制大额申购,开放赎回,
2019-11-11,1.213,1.369,-1.54%,限制大额申购,开放赎回,
2019-10-11,1.218,1.374,1.00%,开放申购,开放赎回,
2019-10-10,1.206,1.362,0.75%,开放申购,开放赎回,
2019-10-09,1.197,1.353,1.01%,开放申购,开放赎回,
2019-10-08,1.185,1.341,1.02%,限制大额申购,开放赎回,
2019-09-30,1.173,1.329,-0.59%,暂停申购,暂停赎回,
2019-09-27,1.18,1.336,-0.08%,暂停申购,暂停赎回,
2019-09-26,1.181,1.337,-0.32%,限制大额申购,开放赎回,每份派现金0.0610元
2019-09-25,1.246,1.341,-0.56%,限制大额申购,开放赎回,
2019-09-24,1.253,1.348,0.08%,限制大额申购,开放赎回,
2019-09-23,1.252,1.347,-1.42%,限制大额申购,开放赎回,
2019-09-20,1.27,1.365,-0.08%,限制大额申购,开放赎回,
2019-09-19,1.271,1.366,0.08%,限制大额申购,开放赎回,
2019-09-18,1.27,1.365,0.40%,开放申购,开放赎回,
2019-09-17,1.265,1.36,-1.63%,开放申购,开放赎回,
2019-09-16,1.286,1.381,-0.62%,开放申购,开放赎回,
2019-09-12,1.294,1.389,1.49%,暂停申购,暂停赎回,
2019-09-11,1.275,1.37,-0.31%,暂停申购,暂停赎回,
2019-09-10,1.279,1.374,-0.39%,开放申购,开放赎回,
2019-09-09,1.284,1.379,0.71%,开放申购,开放赎回,
2019-09-06,1.275,1.37,0.55%,开放申购,开放赎回,
2019-09-05,1.268,1.363,0.56%,开放申购,开放赎回,
2019-09-04,1.261,1.356,2.02%,开放申购,开放赎回,
2019-09-03,1.236,1.331,-0.08%,开放申购,开放赎回,
2019-09-02,1.237,1.332,1.39%,开放申购,开放赎回,
2019-08-30,1.22,1.315,-0.49%,开放申购,开放赎回,
2019-08-29,1.226,1.321,-1.05%,开放申购,开放赎回,
2019-08-28,1.239,1.334,-0.16%,开放申购,开放赎回,
2019-08-27,1.241,1.336,1.31%,开放申购,开放赎回,
2019-08-26,1.225,1.32,-1.29%,开放申购,开放赎回,
2019-08-23,1.241,1.336,0.40%,开放申购,开放赎回,
2019-08-22,1.236,1.331,-0.40%,开放申购,开放赎回,
2019-08-21,1.241,1.336,-0.08%,开放申购,开放赎回,
2019-08-20,1.242,1.337,0.24%,开放申购,开放赎回,
2019-08-19,1.239,1.334,2.23%,开放申购,开放赎回,
2019-08-16,1.212,1.307,0.25%,开放申购,开放赎回,
2019-08-15,1.209,1.304,0.58%,开放申购,开放赎回,
2019-08-14,1.202,1.297,0.17%,开放申购,开放赎回,
2019-08-13,1.2,1.295,-1.32%,开放申购,开放赎回,
2019-08-12,1.216,1.311,1.59%,开放申购,开放赎回,
2019-08-09,1.197,1.292,-1.16%,开放申购,开放赎回,
2019-07-11,1.244,1.339,0.16%,开放申购,开放赎回,
2019-07-10,1.242,1.337,-0.56%,开放申购,开放赎回,
2019-07-09,1.249,1.344,-0.08%,开放申购,开放赎回,
2019-07-08,1.25,1.345,-2.42%,开放申购,开放赎回,
2019-07-05,1.281,1.376,0.08%,开放申购,开放赎回,
2019-07-04,1.28,1.375,0.55%,开放申购,开放赎回,
2019-07-03,1.273,1.368,-0.39%,开放申购,开放赎回,
2019-07-02,1.278,1.373,0.16%,开放申购,开放赎回,
2019-07-01,1.276,1.371,2.49%,暂停申购,暂停赎回,
2019-06-30,1.245,1.34,--,开放申购,开放赎回,
2019-06-28,1.245,1.34,-0.48%,开放申购,开放赎回,
2019-06-27,1.251,1.346,0.56%,开放申购,开放赎回,
2019-06-26,1.244,1.339,0.32%,开放申购,开放赎回,
2019-06-25,1.24,1.335,-0.96%,开放申购,开放赎回,
2019-06-24,1.252,1.347,0.16%,开放申购,开放赎回,
2019-06-21,1.25,1.345,0.64%,开放申购,开放赎回,
2019-06-20,1.242,1.337,2.22%,开放申购,开放赎回,
2019-06-19,1.215,1.31,1.17%,开放申购,开放赎回,
2019-06-18,1.201,1.296,0.17%,开放申购,开放赎回,
2019-06-17,1.199,1.294,0.17%,开放申购,开放赎回,
2019-06-14,1.197,1.292,-1.07%,开放申购,开放赎回,
2019-06-13,1.21,1.305,-0.33%,开放申购,开放赎回,
2019-06-12,1.214,1.309,-0.90%,开放申购,开放赎回,
2019-06-11,1.225,1.32,3.46%,开放申购,开放赎回,
2019-06-10,1.184,1.279,1.46%,开放申购,开放赎回,
2019-06-06,1.167,1.262,-0.85%,开放申购,开放赎回,
2019-06-05,1.177,1.272,0.60%,开放申购,开放赎回,
2019-06-04,1.17,1.265,-1.02%,开放申购,开放赎回,
2019-06-03,1.182,1.277,-0.25%,开放申购,开放赎回,
2019-05-31,1.185,1.28,-0.25%,开放申购,开放赎回,
2019-05-30,1.188,1.283,-0.59%,开放申购,开放赎回,
2019-05-29,1.195,1.29,-0.67%,开放申购,开放赎回,
2019-05-28,1.203,1.298,0.67%,开放申购,开放赎回,
2019-05-27,1.195,1.29,1.27%,开放申购,开放赎回,
2019-05-24,1.18,1.275,0.00%,开放申购,开放赎回,
2019-05-23,1.18,1.275,-1.58%,开放申购,开放赎回,
2019-05-22,1.199,1.294,-0.66%,开放申购,开放赎回,
2019-05-21,1.207,1.302,2.03%,开放申购,开放赎回,
2019-05-20,1.183,1.278,-0.92%,开放申购,开放赎回,
2019-05-17,1.194,1.289,-2.77%,开放申购,开放赎回,
2019-04-15,1.342,1.437,-0.96%,开放申购,开放赎回,
2019-04-12,1.355,1.45,-0.73%,开放申购,开放赎回,
2019-04-11,1.365,1.46,-2.57%,开放申购,开放赎回,
2019-04-10,1.401,1.496,0.29%,开放申购,开放赎回,
2019-04-09,1.397,1.492,0.58%,开放申购,开放赎回,
2019-04-08,1.389,1.484,1.17%,开放申购,开放赎回,
2019-04-04,1.373,1.468,0.81%,开放申购,开放赎回,
2019-04-03,1.362,1.457,1.49%,开放申购,开放赎回,
2019-04-02,1.342,1.437,0.52%,开放申购,开放赎回,
2019-04-01,1.335,1.43,3.09%,开放申购,开放赎回,
2019-03-29,1.295,1.39,3.77%,开放申购,开放赎回,
2019-03-28,1.248,1.343,-0.79%,开放申购,开放赎回,
2019-03-27,1.258,1.353,1.62%,开放申购,开放赎回,
2019-03-26,1.238,1.333,-1.20%,开放申购,开放赎回,
2019-03-25,1.253,1.348,-1.88%,开放申购,开放赎回,
2019-03-22,1.277,1.372,0.16%,开放申购,开放赎回,
2019-03-21,1.275,1.37,-0.08%,开放申购,开放赎回,
2019-03-20,1.276,1.371,0.47%,开放申购,开放赎回,
2019-03-19,1.27,1.365,-0.70%,开放申购,开放赎回,
2019-03-18,1.279,1.374,3.81%,开放申购,开放赎回,
2019-03-15,1.232,1.327,1.99%,开放申购,开放赎回,
2019-03-14,1.208,1.303,-0.82%,开放申购,开放赎回,
2019-03-13,1.218,1.313,-0.49%,开放申购,开放赎回,
2019-03-12,1.224,1.319,0.58%,开放申购,开放赎回,
2019-03-11,1.217,1.312,1.93%,开放申购,开放赎回,
2019-03-08,1.194,1.289,-3.79%,开放申购,开放赎回,
2019-03-07,1.241,1.336,-1.35%,开放申购,开放赎回,
2019-03-06,1.258,1.353,0.40%,开放申购,开放赎回,
2019-03-05,1.253,1.348,1.29%,开放申购,开放赎回,
2019-03-04,1.237,1.332,2.40%,开放申购,开放赎回,
2019-03-01,1.208,1.303,1.17%,开放申购,开放赎回,
2019-02-28,1.194,1.289,0.00%,开放申购,开放赎回,
2019-02-27,1.194,1.289,-0.33%,开放申购,开放赎回,
2019-02-26,1.198,1.293,0.17%,开放申购,开放赎回,
2019-02-25,1.196,1.291,5.00%,开放申购,开放赎回,
2019-02-22,1.139,1.234,0.98%,开放申购,开放赎回,
2019-02-21,1.128,1.223,-0.88%,开放申购,开放赎回,
2019-02-20,1.138,1.233,0.80%,开放申购,开放赎回,
2019-02-19,1.129,1.224,-0.44%,开放申购,开放赎回,
2019-02-18,1.134,1.229,3.18%,开放申购,开放赎回,
2019-01-11,1.024,1.119,0.29%,开放申购,开放赎回,
2019-01-10,1.021,1.116,0.10%,开放申购,开放赎回,
2019-01-09,1.02,1.115,1.49%,开放申购,开放赎回,
2019-01-08,1.005,1.1,-0.30%,开放申购,开放赎回,
2019-01-07,1.008,1.103,1.31%,开放申购,开放赎回,
2019-01-04,0.995,1.09,2.37%,开放申购,开放赎回,
2019-01-03,0.972,1.067,0.00%,开放申购,开放赎回,
2019-01-02,0.972,1.067,-1.42%,开放申购,开放赎回,
2018-12-31,0.986,1.081,--,开放申购,开放赎回,
2018-12-28,0.986,1.081,0.31%,暂停申购,暂停赎回,
2018-12-27,0.983,1.078,0.00%,暂停申购,暂停赎回,
2018-12-26,0.983,1.078,0.00%,暂停申购,暂停赎回,
2018-12-25,0.983,1.078,-1.40%,暂停申购,暂停赎回,
2018-12-24,0.997,1.092,0.20%,暂停申购,暂停赎回,
2018-12-21,0.995,1.09,-1.00%,开放申购,开放赎回,
2018-12-20,1.005,1.1,-0.79%,开放申购,开放赎回,
2018-12-19,1.013,1.108,-0.69%,开放申购,开放赎回,
2018-12-18,1.02,1.115,-1.45%,开放申购,开放赎回,
2018-12-17,1.035,1.13,0.49%,开放申购,开放赎回,
2018-12-14,1.03,1.125,-1.62%,开放申购,开放赎回,
2018-12-13,1.047,1.142,2.25%,开放申购,开放赎回,
2018-12-12,1.024,1.119,0.79%,开放申购,开放赎回,
2018-12-11,1.016,1.111,0.69%,开放申购,开放赎回,
2018-12-10,1.009,1.104,-0.98%,开放申购,开放赎回,
2018-12-07,1.019,1.114,0.69%,开放申购,开放赎回,
2018-12-06,1.012,1.107,-1.56%,开放申购,开放赎回,
2018-12-05,1.028,1.123,-0.39%,开放申购,开放赎回,
2018-12-04,1.032,1.127,0.39%,开放申购,开放赎回,
2018-12-03,1.028,1.123,2.49%,开放申购,开放赎回,
2018-11-30,1.003,1.098,1.01%,开放申购,开放赎回,
2018-11-29,0.993,1.088,-1.78%,开放申购,开放赎回,
2018-11-28,1.011,1.106,1.00%,开放申购,开放赎回,
2018-11-27,1.001,1.096,0.10%,开放申购,开放赎回,
2018-11-26,1.0,1.095,-0.79%,开放申购,开放赎回,
2018-11-23,1.008,1.103,-3.08%,开放申购,开放赎回,
2018-11-22,1.04,1.135,-0.48%,开放申购,开放赎回,
2018-11-21,1.045,1.14,0.48%,开放申购,开放赎回,
2018-11-20,1.04,1.135,-2.44%,开放申购,开放赎回,
2018-11-19,1.066,1.161,1.43%,限制大额申购,开放赎回,
2018-11-16,1.051,1.146,0.29%,限制大额申购,开放赎回,
2018-10-18,1.047,1.047,-2.51%,开放申购,开放赎回,
2018-10-17,1.074,1.074,1.42%,暂停申购,暂停赎回,
2018-10-16,1.059,1.059,-2.40%,开放申购,开放赎回,
2018-10-15,1.085,1.085,-2.08%,开放申购,开放赎回,
2018-10-12,1.108,1.108,1.37%,开放申购,开放赎回,
2018-10-11,1.093,1.093,-5.78%,开放申购,开放赎回,
2018-10-10,1.16,1.16,0.17%,开放申购,开放赎回,
2018-10-09,1.158,1.158,-0.17%,开放申购,开放赎回,
2018-10-08,1.16,1.16,-3.97%,开放申购,开放赎回,
2018-09-28,1.208,1.208,0.25%,暂停申购,暂停赎回,
2018-09-27,1.205,1.205,-0.41%,暂停申购,暂停赎回,
2018-09-26,1.21,1.21,0.58%,开放申购,开放赎回,
2018-09-25,1.203,1.203,-1.55%,暂停申购,暂停赎回,
2018-09-21,1.222,1.222,2.95%,暂停申购,暂停赎回,
2018-09-20,1.187,1.187,-0.17%,暂停申购,暂停赎回,
2018-09-19,1.189,1.189,1.89%,开放申购,开放赎回,
2018-09-18,1.167,1.167,3.09%,开放申购,开放赎回,
2018-09-17,1.132,1.132,-1.74%,开放申购,开放赎回,
2018-09-14,1.152,1.152,0.00%,开放申购,开放赎回,
2018-09-13,1.152,1.152,1.14%,开放申购,开放赎回,
2018-09-12,1.139,1.139,-0.35%,开放申购,开放赎回,
2018-09-11,1.143,1.143,-1.72%,开放申购,开放赎回,
2018-09-10,1.163,1.163,-1.44%,开放申购,开放赎回,
2018-09-07,1.18,1.18,0.85%,开放申购,开放赎回,
2018-09-06,1.17,1.17,-1.10%,开放申购,开放赎回,
2018-09-05,1.183,1.183,-2.39%,开放申购,开放赎回,
2018-09-04,1.212,1.212,1.08%,开放申购,开放赎回,
2018-09-03,1.199,1.199,-0.75%,开放申购,开放赎回,
2018-08-31,1.208,1.208,-0.49%,开放申购,开放赎回,
2018-08-30,1.214,1.214,-0.74%,开放申购,开放赎回,
2018-08-29,1.223,1.223,-0.41%,开放申购,开放赎回,
2018-08-28,1.228,1.228,-0.32%,开放申购,开放赎回,
2018-08-27,1.232,1.232,2.84%,开放申购,开放赎回,
2018-08-24,1.198,1.198,-0.75%,开放申购,开放赎回,
2018-08-23,1.207,1.207,-0.33%,开放申购,开放赎回,
2018-08-22,1.211,1.211,-0.90%,开放申购,开放赎回,
2018-08-21,1.222,1.222,1.58%,开放申购,开放赎回,
2018-08-20,1.203,1.203,1.18%,开放申购,开放赎回,
2018-08-17,1.189,1.189,-1.49%,开放申购,开放赎回,
2018-08-16,1.207,1.207,-0.49%,开放申购,开放赎回,
2018-07-18,1.182,1.182,-0.67%,开放申购,开放赎回,
2018-07-17,1.19,1.19,-0.83%,开放申购,开放赎回,
2018-07-16,1.2,1.2,-1.07%,开放申购,开放赎回,
2018-07-13,1.213,1.213,0.33%,开放申购,开放赎回,
2018-07-12,1.209,1.209,2.37%,开放申购,开放赎回,
2018-07-11,1.181,1.181,-1.99%,开放申购,开放赎回,
2018-07-10,1.205,1.205,1.01%,开放申购,开放赎回,
2018-07-09,1.193,1.193,3.11%,开放申购,开放赎回,
2018-07-06,1.157,1.157,-0.09%,开放申购,开放赎回,
2018-07-05,1.158,1.158,-2.11%,开放申购,开放赎回,
2018-07-04,1.183,1.183,-1.50%,开放申购,开放赎回,
2018-07-03,1.201,1.201,0.17%,开放申购,开放赎回,
2018-07-02,1.199,1.199,-3.85%,暂停申购,暂停赎回,
2018-06-30,1.247,1.247,--,开放申购,开放赎回,
2018-06-29,1.247,1.247,2.89%,开放申购,开放赎回,
2018-06-28,1.212,1.212,-1.14%,开放申购,开放赎回,
2018-06-27,1.226,1.226,-2.08%,开放申购,开放赎回,
2018-06-26,1.252,1.252,-1.80%,开放申购,开放赎回,
2018-06-25,1.275,1.275,-2.30%,开放申购,开放赎回,
2018-06-22,1.305,1.305,1.24%,开放申购,开放赎回,
2018-06-21,1.289,1.289,-0.15%,开放申购,开放赎回,
2018-06-20,1.291,1.291,2.14%,开放申购,开放赎回,
2018-06-19,1.264,1.264,-4.31%,开放申购,开放赎回,
2018-06-15,1.321,1.321,0.46%,开放申购,开放赎回,
2018-06-14,1.315,1.315,0.23%,开放申购,开放赎回,
2018-06-13,1.312,1.312,-0.46%,开放申购,开放赎回,
2018-06-12,1.318,1.318,1.15%,开放申购,开放赎回,
2018-06-11,1.303,1.303,1.16%,开放申购,开放赎回,
2018-06-08,1.288,1.288,-1.45%,开放申购,开放赎回,
2018-06-07,1.307,1.307,0.31%,开放申购,开放赎回,
2018-06-06,1.303,1.303,-0.38%,开放申购,开放赎回,
2018-06-05,1.308,1.308,1.00%,开放申购,开放赎回,
2018-06-04,1.295,1.295,1.57%,开放申购,开放赎回,
2018-06-01,1.275,1.275,-0.23%,开放申购,开放赎回,
2018-05-31,1.278,1.278,2.24%,开放申购,开放赎回,
2018-05-30,1.25,1.25,-2.42%,开放申购,开放赎回,
2018-05-29,1.281,1.281,-0.62%,开放申购,开放赎回,
2018-05-28,1.289,1.289,-0.08%,开放申购,开放赎回,
2018-05-25,1.29,1.29,-0.54%,开放申购,开放赎回,
2018-05-24,1.297,1.297,-0.23%,开放申购,开放赎回,
2018-04-23,1.299,1.299,0.08%,开放申购,开放赎回,
2018-04-20,1.298,1.298,-1.59%,开放申购,开放赎回,
2018-04-19,1.319,1.319,1.15%,开放申购,开放赎回,
2018-04-18,1.304,1.304,1.09%,开放申购,开放赎回,
2018-04-17,1.29,1.29,-1.30%,开放申购,开放赎回,
2018-04-16,1.307,1.307,-2.17%,开放申购,开放赎回,
2018-04-13,1.336,1.336,-0.60%,开放申购,开放赎回,
2018-04-12,1.344,1.344,-0.96%,开放申购,开放赎回,
2018-04-11,1.357,1.357,0.30%,开放申购,开放赎回,
2018-04-10,1.353,1.353,2.66%,开放申购,开放赎回,
2018-04-09,1.318,1.318,-0.15%,开放申购,开放赎回,
2018-04-04,1.32,1.32,-0.83%,暂停申购,暂停赎回,
2018-04-03,1.331,1.331,-0.97%,暂停申购,暂停赎回,
2018-04-02,1.344,1.344,-0.22%,暂停申购,暂停赎回,
2018-03-30,1.347,1.347,0.00%,暂停申购,暂停赎回,
2018-03-29,1.347,1.347,2.82%,开放申购,开放赎回,
2018-03-28,1.31,1.31,-1.06%,开放申购,开放赎回,
2018-03-27,1.324,1.324,1.07%,开放申购,开放赎回,
2018-03-26,1.31,1.31,-0.08%,开放申购,开放赎回,
2018-03-23,1.311,1.311,-3.89%,开放申购,开放赎回,
2018-03-22,1.364,1.364,-0.94%,开放申购,开放赎回,
2018-03-21,1.377,1.377,-0.58%,开放申购,开放赎回,
2018-03-20,1.385,1.385,0.14%,开放申购,开放赎回,
2018-03-19,1.383,1.383,-0.79%,开放申购,开放赎回,
2018-03-16,1.394,1.394,-0.78%,开放申购,开放赎回,
2018-03-15,1.405,1.405,0.00%,开放申购,开放赎回,
2018-03-14,1.405,1.405,-0.14%,开放申购,开放赎回,
2018-03-13,1.407,1.407,-0.85%,开放申购,开放赎回,
2018-03-12,1.419,1.419,0.50%,开放申购,开放赎回,
2018-03-09,1.412,1.412,0.21%,开放申购,开放赎回,
2018-03-08,1.409,1.409,0.71%,开放申购,开放赎回,
2018-03-07,1.399,1.399,-1.13%,开放申购,开放赎回,
2018-03-06,1.415,1.415,1.95%,开放申购,开放赎回,
2018-03-05,1.388,1.388,-0.57%,开放申购,开放赎回,
2018-03-02,1.396,1.396,-1.13%,开放申购,开放赎回,
2018-03-01,1.412,1.412,1.22%,开放申购,开放赎回,
2018-02-28,1.395,1.395,0.22%,开放申购,开放赎回,
2018-02-27,1.392,1.392,-1.56%,开放申购,开放赎回,
2018-02-26,1.414,1.414,1.43%,开放申购,开放赎回,
2018-02-23,1.394,1.394,1.01%,开放申购,开放赎回,
2018-01-18,1.453,1.453,0.69%,开放申购,开放赎回,
2018-01-17,1.443,1.443,-0.14%,开放申购,开放赎回,
2018-01-16,1.445,1.445,1.76%,开放申购,开放赎回,
2018-01-15,1.42,1.42,-0.63%,开放申购,开放赎回,
2018-01-12,1.429,1.429,0.14%,开放申购,开放赎回,
2018-01-11,1.427,1.427,-0.14%,开放申购,开放赎回,
2018-01-10,1.429,1.429,-0.07%,开放申购,开放赎回,
2018-01-09,1.43,1.43,0.56%,开放申购,开放赎回,
2018-01-08,1.422,1.422,0.85%,开放申购,开放赎回,
2018-01-05,1.41,1.41,0.50%,开放申购,开放赎回,
2018-01-04,1.403,1.403,1.01%,开放申购,开放赎回,
2018-01-03,1.389,1.389,0.29%,开放申购,开放赎回,
2018-01-02,1.385,1.385,2.67%,开放申购,开放赎回,
2017-12-31,1.349,1.349,--,开放申购,开放赎回,
2017-12-29,1.349,1.349,0.75%,开放申购,开放赎回,
2017-12-28,1.339,1.339,0.53%,开放申购,开放赎回,
2017-12-27,1.332,1.332,-1.48%,开放申购,开放赎回,
2017-12-26,1.352,1.352,0.82%,暂停申购,暂停赎回,
2017-12-25,1.341,1.341,-0.22%,暂停申购,暂停赎回,
2017-12-22,1.344,1.344,0.07%,开放申购,开放赎回,
2017-12-21,1.343,1.343,1.82%,开放申购,开放赎回,
2017-12-20,1.319,1.319,-1.12%,开放申购,开放赎回,
2017-12-19,1.334,1.334,1.44%,开放申购,开放赎回,
2017-12-18,1.315,1.315,-0.30%,开放申购,开放赎回,
2017-12-15,1.319,1.319,-1.49%,开放申购,开放赎回,
2017-12-14,1.339,1.339,-0.22%,开放申购,开放赎回,
2017-12-13,1.342,1.342,0.52%,开放申购,开放赎回,
2017-12-12,1.335,1.335,-1.26%,开放申购,开放赎回,
2017-12-11,1.352,1.352,1.27%,开放申购,开放赎回,
2017-12-08,1.335,1.335,0.75%,开放申购,开放赎回,
2017-12-07,1.325,1.325,-1.27%,开放申购,开放赎回,
2017-12-06,1.342,1.342,-0.30%,开放申购,开放赎回,
2017-12-05,1.346,1.346,-0.74%,开放申购,开放赎回,
2017-12-04,1.356,1.356,-0.59%,开放申购,开放赎回,
2017-12-01,1.364,1.364,0.59%,开放申购,开放赎回,
2017-11-30,1.356,1.356,-1.74%,开放申购,开放赎回,
2017-11-29,1.38,1.38,2.15%,开放申购,开放赎回,
2017-11-28,1.351,1.351,1.27%,开放申购,开放赎回,
2017-11-27,1.334,1.334,-1.11%,开放申购,开放赎回,
2017-11-24,1.349,1.349,-0.22%,开放申购,开放赎回,
2017-10-26,1.296,1.296,-0.31%,开放申购,开放赎回,
2017-10-25,1.3,1.3,0.70%,开放申购,开放赎回,
2017-10-24,1.291,1.291,1.02%,开放申购,开放赎回,
2017-10-23,1.278,1.278,0.24%,开放申购,开放赎回,
2017-10-20,1.275,1.275,0.47%,开放申购,开放赎回,
2017-10-19,1.269,1.269,-0.16%,开放申购,开放赎回,
2017-10-18,1.271,1.271,0.55%,开放申购,开放赎回,
2017-10-17,1.264,1.264,-0.55%,开放申购,开放赎回,
2017-10-16,1.271,1.271,-0.16%,开放申购,开放赎回,
2017-10-13,1.273,1.273,0.24%,开放申购,开放赎回,
2017-10-12,1.27,1.27,0.24%,开放申购,开放赎回,
2017-10-11,1.267,1.267,0.08%,开放申购,开放赎回,
2017-10-10,1.266,1.266,0.48%,开放申购,开放赎回,
2017-10-09,1.26,1.26,1.37%,开放申购,开放赎回,
2017-09-29,1.243,1.243,0.40%,暂停申购,暂停赎回,
2017-09-28,1.238,1.238,-0.56%,暂停申购,暂停赎回,
2017-09-27,1.245,1.245,0.16%,开放申购,开放赎回,
2017-09-26,1.243,1.243,0.00%,开放申购,开放赎回,
2017-09-25,1.243,1.243,-1.35%,开放申购,开放赎回,
2017-09-22,1.26,1.26,-0.16%,开放申购,开放赎回,
2017-09-21,1.262,1.262,-0.16%,开放申购,开放赎回,
2017-09-20,1.264,1.264,-0.39%,开放申购,开放赎回,
2017-09-19,1.269,1.269,0.40%,开放申购,开放赎回,
2017-09-18,1.264,1.264,0.00%,开放申购,开放赎回,
2017-09-15,1.264,1.264,0.48%,开放申购,开放赎回,
2017-09-14,1.258,1.258,0.40%,开放申购,开放赎回,
2017-09-13,1.253,1.253,0.16%,开放申购,开放赎回,
2017-09-12,1.251,1.251,-0.08%,开放申购,开放赎回,
2017-09-11,1.252,1.252,-0.24%,开放申购,开放赎回,
2017-09-08,1.255,1.255,-0.08%,开放申购,开放赎回,
2017-09-07,1.256,1.256,0.56%,开放申购,开放赎回,
2017-09-06,1.249,1.249,-0.24%,开放申购,开放赎回,
2017-09-05,1.252,1.252,0.56%,开放申购,开放赎回,
2017-09-04,1.245,1.245,-0.16%,开放申购,开放赎回,
2017-09-01,1.247,1.247,-0.24%,开放申购,开放赎回,
2017-08-31,1.25,1.25,-0.16%,开放申购,开放赎回,
2017-08-30,1.252,1.252,0.24%,开放申购,开放赎回,
2017-08-29,1.249,1.249,-0.16%,开放申购,开放赎回,
2017-08-28,1.251,1.251,0.32%,开放申购,开放赎回,
2017-08-25,1.247,1.247,1.14%,开放申购,开放赎回,
2017-07-27,1.219,1.219,1.16%,开放申购,开放赎回,
2017-07-26,1.205,1.205,-0.41%,开放申购,开放赎回,
2017-07-25,1.21,1.21,-1.06%,开放申购,开放赎回,
2017-07-24,1.223,1.223,-0.16%,开放申购,开放赎回,
2017-07-21,1.225,1.225,-0.57%,开放申购,开放赎回,
2017-07-20,1.232,1.232,1.07%,开放申购,开放赎回,
2017-07-19,1.219,1.219,1.92%,开放申购,开放赎回,
2017-07-18,1.196,1.196,0.67%,开放申购,开放赎回,
2017-07-17,1.188,1.188,-2.14%,开放申购,开放赎回,
2017-07-14,1.214,1.214,0.00%,开放申购,开放赎回,
2017-07-13,1.214,1.214,0.33%,开放申购,开放赎回,
2017-07-12,1.21,1.21,0.17%,开放申购,开放赎回,
2017-07-11,1.208,1.208,-0.58%,开放申购,开放赎回,
2017-07-10,1.215,1.215,0.00%,开放申购,开放赎回,
2017-07-07,1.215,1.215,0.41%,开放申购,开放赎回,
2017-07-06,1.21,1.21,0.25%,开放申购,开放赎回,
2017-07-05,1.207,1.207,1.43%,开放申购,开放赎回,
2017-07-04,1.19,1.19,-0.92%,开放申购,开放赎回,
2017-07-03,1.201,1.201,0.76%,开放申购,开放赎回,
2017-06-30,1.192,1.192,0.34%,开放申购,开放赎回,
2017-06-29,1.188,1.188,0.85%,开放申购,开放赎回,
2017-06-28,1.178,1.178,-0.08%,开放申购,开放赎回,
2017-06-27,1.179,1.179,0.08%,开放申购,开放赎回,
2017-06-26,1.178,1.178,2.26%,开放申购,开放赎回,
2017-06-23,1.152,1.152,1.23%,开放申购,开放赎回,
2017-06-22,1.138,1.138,-0.26%,开放申购,开放赎回,
2017-06-21,1.141,1.141,0.97%,开放申购,开放赎回,
2017-06-20,1.13,1.13,0.44%,开放申购,开放赎回,
2017-06-19,1.125,1.125,0.72%,开放申购,开放赎回,
2017-06-16,1.117,1.117,-0.18%,开放申购,开放赎回,
2017-06-15,1.119,1.119,0.36%,开放申购,开放赎回,
2017-06-14,1.115,1.115,-0.89%,开放申购,开放赎回,
2017-06-13,1.125,1.125,1.08%,开放申购,开放赎回,
2017-06-12,1.113,1.113,-0.18%,开放申购,开放赎回,
2017-06-09,1.115,1.115,0.63%,开放申购,开放赎回,
2017-06-08,1.108,1.108,1.09%,开放申购,开放赎回,
2017-06-07,1.096,1.096,1.95%,开放申购,开放赎回,
2017-06-06,1.075,1.075,0.84%,开放申购,开放赎回,
2017-06-05,1.066,1.066,0.38%,开放申购,开放赎回,
2017-06-02,1.062,1.062,0.00%,开放申购,开放赎回,
2017-05-02,1.06,1.06,0.38%,开放申购,开放赎回,
2017-04-28,1.056,1.056,-0.28%,开放申购,开放赎回,
2017-04-27,1.059,1.059,0.09%,开放申购,开放赎回,
2017-04-26,1.058,1.058,1.05%,开放申购,开放赎回,
2017-04-25,1.047,1.047,0.58%,开放申购,开放赎回,
2017-04-24,1.041,1.041,-1.61%,开放申购,开放赎回,
2017-04-21,1.058,1.058,-0.28%,开放申购,开放赎回,
2017-04-20,1.061,1.061,0.38%,开放申购,开放赎回,
2017-04-19,1.057,1.057,0.09%,开放申购,开放赎回,
2017-04-18,1.056,1.056,-0.38%,开放申购,开放赎回,
2017-04-17,1.06,1.06,0.09%,开放申购,开放赎回,
2017-04-14,1.059,1.059,-1.40%,开放申购,开放赎回,
2017-04-13,1.074,1.074,1.42%,开放申购,开放赎回,
2017-04-12,1.059,1.059,-0.94%,开放申购,开放赎回,
2017-04-11,1.069,1.069,-0.37%,开放申购,开放赎回,
2017-04-10,1.073,1.073,0.00%,开放申购,开放赎回,
2017-04-07,1.073,1.073,-0.19%,开放申购,开放赎回,
2017-04-06,1.075,1.075,0.28%,开放申购,开放赎回,
2017-04-05,1.072,1.072,2.58%,开放申购,开放赎回,
2017-03-31,1.045,1.045,0.97%,开放申购,开放赎回,
2017-03-30,1.035,1.035,-0.86%,开放申购,开放赎回,
2017-03-29,1.044,1.044,0.29%,开放申购,开放赎回,
2017-03-28,1.041,1.041,0.19%,开放申购,开放赎回,
2017-03-27,1.039,1.039,-0.48%,开放申购,开放赎回,
2017-03-24,1.044,1.044,0.48%,开放申购,开放赎回,
2017-03-23,1.039,1.039,0.48%,开放申购,开放赎回,
2017-03-22,1.034,1.034,0.29%,开放申购,开放赎回,
2017-03-21,1.031,1.031,0.68%,开放申购,开放赎回,
2017-03-20,1.024,1.024,-0.10%,开放申购,开放赎回,
2017-03-17,1.025,1.025,-1.54%,开放申购,开放赎回,
2017-03-16,1.041,1.041,0.77%,开放申购,开放赎回,
2017-03-15,1.033,1.033,0.19%,开放申购,开放赎回,
2017-03-14,1.031,1.031,-0.67%,开放申购,开放赎回,
2017-03-13,1.038,1.038,1.07%,开放申购,开放赎回,
2017-03-10,1.027,1.027,1.28%,开放申购,开放赎回,
2017-03-09,1.014,1.014,-0.69%,开放申购,开放赎回,
2017-03-08,1.021,1.021,-0.49%,开放申购,开放赎回,
2017-03-07,1.026,1.026,0.59%,开放申购,开放赎回,
2017-03-06,1.02,1.02,1.39%,开放申购,开放赎回,
2017-03-03,1.006,1.006,1.31%,开放申购,开放赎回,
2017-01-26,0.95,0.95,0.74%,开放申购,开放赎回,
2017-01-25,0.943,0.943,0.21%,开放申购,开放赎回,
2017-01-24,0.941,0.941,0.21%,开放申购,开放赎回,
2017-01-23,0.939,0.939,0.43%,开放申购,开放赎回,
2017-01-20,0.935,0.935,1.19%,开放申购,开放赎回,
2017-01-19,0.924,0.924,-0.11%,开放申购,开放赎回,
2017-01-18,0.925,0.925,0.00%,开放申购,开放赎回,
2017-01-17,0.925,0.925,1.09%,开放申购,开放赎回,
2017-01-16,0.915,0.915,-1.93%,开放申购,开放赎回,
2017-01-13,0.933,0.933,-1.27%,开放申购,开放赎回,
2017-01-12,0.945,0.945,-1.15%,开放申购,开放赎回,
2017-01-11,0.956,0.956,-0.62%,开放申购,开放赎回,
2017-01-10,0.962,0.962,-0.21%,开放申购,开放赎回,
2017-01-09,0.964,0.964,0.42%,开放申购,开放赎回,
2017-01-06,0.96,0.96,-1.23%,开放申购,开放赎回,
2017-01-05,0.972,0.972,0.52%,开放申购,开放赎回,
2017-01-04,0.967,0.967,2.00%,开放申购,开放赎回,
2017-01-03,0.948,0.948,0.64%,开放申购,开放赎回,
2016-12-31,0.942,0.942,0.00%,开放申购,开放赎回,
2016-12-30,0.942,0.942,0.11%,开放申购,开放赎回,
2016-12-29,0.941,0.941,-0.11%,开放申购,开放赎回,
2016-12-28,0.942,0.942,-0.11%,开放申购,开放赎回,
2016-12-27,0.943,0.943,-0.21%,开放申购,开放赎回,
2016-12-26,0.945,0.945,0.11%,开放申购,开放赎回,
2016-12-23,0.944,0.944,-1.05%,开放申购,开放赎回,
2016-12-22,0.954,0.954,-0.10%,开放申购,开放赎回,
2016-12-21,0.955,0.955,0.84%,开放申购,开放赎回,
2016-12-20,0.947,0.947,0.00%,开放申购,开放赎回,
2016-12-19,0.947,0.947,-0.53%,开放申购,开放赎回,
2016-12-16,0.952,0.952,0.95%,开放申购,开放赎回,
2016-12-15,0.943,0.943,0.11%,开放申购,开放赎回,
2016-12-14,0.942,0.942,-0.63%,开放申购,开放赎回,
2016-12-13,0.948,0.948,-1.15%,开放申购,开放赎回,
2016-12-12,0.959,0.959,-5.24%,开放申购,开放赎回,
2016-12-09,1.012,1.012,-0.59%,开放申购,开放赎回,
2016-12-08,1.018,1.018,-0.68%,开放申购,开放赎回,
2016-12-07,1.025,1.025,0.79%,开放申购,开放赎回,
2016-12-06,1.017,1.017,0.10%,开放申购,开放赎回,
2016-12-05,1.016,1.016,-0.78%,开放申购,开放赎回,
2016-12-02,1.024,1.024,-1.35%,开放申购,开放赎回,
2016-11-03,1.036,1.036,0.39%,开放申购,开放赎回,
2016-11-02,1.032,1.032,-0.86%,开放申购,开放赎回,
2016-11-01,1.041,1.041,0.68%,开放申购,开放赎回,
2016-10-31,1.034,1.034,-0.39%,开放申购,开放赎回,
2016-10-28,1.038,1.038,-0.95%,开放申购,开放赎回,
2016-10-27,1.048,1.048,0.19%,开放申购,开放赎回,
2016-10-26,1.046,1.046,-0.57%,开放申购,开放赎回,
2016-10-25,1.052,1.052,0.29%,开放申购,开放赎回,
2016-10-24,1.049,1.049,1.35%,开放申购,开放赎回,
2016-10-21,1.035,1.035,-0.86%,暂停申购,暂停赎回,
2016-10-20,1.044,1.044,0.29%,开放申购,开放赎回,
2016-10-19,1.041,1.041,-0.29%,开放申购,开放赎回,
2016-10-18,1.044,1.044,1.36%,开放申购,开放赎回,
2016-10-17,1.03,1.03,-0.96%,开放申购,开放赎回,
2016-10-14,1.04,1.04,-0.19%,开放申购,开放赎回,
2016-10-13,1.042,1.042,0.29%,开放申购,开放赎回,
2016-10-12,1.039,1.039,-0.10%,开放申购,开放赎回,
2016-10-11,1.04,1.04,0.39%,开放申购,开放赎回,
2016-10-10,1.036,1.036,1.77%,开放申购,开放赎回,
2016-09-30,1.018,1.018,0.89%,开放申购,开放赎回,
2016-09-29,1.009,1.009,0.10%,开放申购,开放赎回,
2016-09-28,1.008,1.008,0.50%,开放申购,开放赎回,
2016-09-27,1.003,1.003,0.60%,开放申购,开放赎回,
2016-09-26,0.997,0.997,-1.48%,开放申购,开放赎回,
2016-09-23,1.012,1.012,-0.49%,开放申购,开放赎回,
2016-09-22,1.017,1.017,0.39%,开放申购,开放赎回,
2016-09-21,1.013,1.013,0.40%,开放申购,开放赎回,
2016-09-20,1.009,1.009,0.00%,开放申购,开放赎回,
2016-09-19,1.009,1.009,1.10%,开放申购,开放赎回,
2016-09-14,0.998,0.998,-0.50%,开放申购,开放赎回,
2016-09-13,1.003,1.003,0.20%,开放申购,开放赎回,
2016-09-12,1.001,1.001,-2.15%,开放申购,开放赎回,
2016-09-09,1.023,1.023,-0.49%,开放申购,开放赎回,
2016-09-08,1.028,1.028,-0.19%,开放申购,开放赎回,
2016-09-07,1.03,1.03,-0.19%,开放申购,开放赎回,
2016-09-06,1.032,1.032,1.67%,开放申购,开放赎回,
2016-09-05,1.015,1.015,0.50%,开放申购,开放赎回,
2016-09-02,1.01,1.01,-0.39%,开放申购,开放赎回,
2016-09-01,1.014,1.014,-0.69%,开放申购,开放赎回,
2016-08-31,1.021,1.021,-0.29%,开放申购,开放赎回,
2016-08-02,0.972,0.972,1.04%,暂停申购,暂停赎回,
2016-08-01,0.962,0.962,-0.62%,开放申购,开放赎回,
2016-07-29,0.968,0.968,-0.72%,开放申购,开放赎回,
2016-07-28,0.975,0.975,-0.81%,开放申购,开放赎回,
2016-07-27,0.983,0.983,-4.66%,开放申购,开放赎回,
2016-07-26,1.031,1.031,0.59%,开放申购,开放赎回,
2016-07-25,1.025,1.025,-0.68%,开放申购,开放赎回,
2016-07-22,1.032,1.032,-1.05%,开放申购,开放赎回,
2016-07-21,1.043,1.043,0.58%,开放申购,开放赎回,
2016-07-20,1.037,1.037,-0.10%,开放申购,开放赎回,
2016-07-19,1.038,1.038,0.97%,开放申购,开放赎回,
2016-07-18,1.028,1.028,-0.77%,开放申购,开放赎回,
2016-07-15,1.036,1.036,-0.67%,开放申购,开放赎回,
2016-07-14,1.043,1.043,-0.38%,开放申购,开放赎回,
2016-07-13,1.047,1.047,1.36%,开放申购,开放赎回,
2016-07-12,1.033,1.033,0.49%,开放申购,开放赎回,
2016-07-11,1.028,1.028,-1.34%,开放申购,开放赎回,
2016-07-08,1.042,1.042,-0.67%,开放申购,开放赎回,
2016-07-07,1.049,1.049,0.19%,开放申购,开放赎回,
2016-07-06,1.047,1.047,0.10%,开放申购,开放赎回,
2016-07-05,1.046,1.046,0.29%,开放申购,开放赎回,
2016-07-04,1.043,1.043,2.25%,开放申购,开放赎回,
2016-07-01,1.02,1.02,-0.58%,开放申购,开放赎回,
2016-06-30,1.026,1.026,-0.68%,开放申购,开放赎回,
2016-06-29,1.033,1.033,0.00%,开放申购,开放赎回,
2016-06-28,1.033,1.033,0.78%,开放申购,开放赎回,
2016-06-27,1.025,1.025,2.71%,开放申购,开放赎回,
2016-06-24,0.998,0.998,-0.89%,开放申购,开放赎回,
2016-06-23,1.007,1.007,-0.69%,开放申购,开放赎回,
2016-06-22,1.014,1.014,3.05%,开放申购,开放赎回,
2016-06-21,0.984,0.984,-1.80%,开放申购,开放赎回,
2016-06-20,1.002,1.002,0.60%,开放申购,开放赎回,
2016-06-17,0.996,0.996,1.84%,开放申购,开放赎回,
2016-06-16,0.978,0.978,-0.10%,开放申购,开放赎回,
2016-06-15,0.979,0.979,3.82%,开放申购,开放赎回,
2016-06-14,0.943,0.943,-0.53%,开放申购,开放赎回,
2016-06-13,0.948,0.948,-5.48%,开放申购,开放赎回,
2016-06-08,1.003,1.003,-0.20%,开放申购,开放赎回,
2016-06-07,1.005,1.005,-0.20%,开放申购,开放赎回,
2016-06-06,1.007,1.007,1.31%,开放申购,开放赎回,
2016-05-06,0.97,0.97,-2.51%,开放申购,开放赎回,
2016-05-05,0.995,0.995,0.40%,开放申购,开放赎回,
2016-05-04,0.991,0.991,0.30%,开放申购,开放赎回,
2016-05-03,0.988,0.988,3.02%,开放申购,开放赎回,
2016-04-29,0.959,0.959,0.21%,开放申购,开放赎回,
2016-04-28,0.957,0.957,-0.10%,开放申购,开放赎回,
2016-04-27,0.958,0.958,-0.31%,开放申购,开放赎回,
2016-04-26,0.961,0.961,1.16%,开放申购,开放赎回,
2016-04-25,0.95,0.95,-0.52%,开放申购,开放赎回,
2016-04-22,0.955,0.955,0.84%,开放申购,开放赎回,
2016-04-21,0.947,0.947,-1.46%,开放申购,开放赎回,
2016-04-20,0.961,0.961,-4.95%,开放申购,开放赎回,
2016-04-19,1.011,1.011,-0.10%,开放申购,开放赎回,
2016-04-18,1.012,1.012,-1.94%,开放申购,开放赎回,
2016-04-15,1.032,1.032,0.10%,开放申购,开放赎回,
2016-04-14,1.031,1.031,0.78%,开放申购,开放赎回,
2016-04-13,1.023,1.023,1.79%,开放申购,开放赎回,
2016-04-12,1.005,1.005,-1.18%,开放申购,开放赎回,
2016-04-11,1.017,1.017,2.73%,开放申购,开放赎回,
2016-04-08,0.99,0.99,-1.39%,开放申购,开放赎回,
2016-04-07,1.004,1.004,-1.67%,开放申购,开放赎回,
2016-04-06,1.021,1.021,0.29%,开放申购,开放赎回,
2016-04-05,1.018,1.018,2.83%,开放申购,开放赎回,
2016-04-01,0.99,0.99,-1.10%,开放申购,开放赎回,
2016-03-31,1.001,1.001,0.00%,开放申购,开放赎回,
2016-03-30,1.001,1.001,3.95%,开放申购,开放赎回,
2016-03-29,0.963,0.963,-2.23%,开放申购,开放赎回,
2016-03-28,0.985,0.985,-0.61%,开放申购,开放赎回,
2016-03-25,0.991,0.991,0.61%,开放申购,开放赎回,
2016-03-24,0.985,0.985,-1.70%,开放申购,开放赎回,
2016-03-23,1.002,1.002,1.21%,开放申购,开放赎回,
2016-03-22,0.99,0.99,-0.70%,开放申购,开放赎回,
2016-03-21,0.997,0.997,2.15%,开放申购,开放赎回,
2016-03-18,0.976,0.976,4.72%,开放申购,开放赎回,
2016-03-17,0.932,0.932,5.07%,开放申购,开放赎回,
2016-03-16,0.887,0.887,-1.00%,开放申购,开放赎回,
2016-03-15,0.896,0.896,-0.55%,开放申购,开放赎回,
2016-03-14,0.901,0.901,4.40%,开放申购,开放赎回,
2016-03-11,0.863,0.863,-0.80%,开放申购,开放赎回,
2016-03-10,0.87,0.87,-2.14%,开放申购,开放赎回,
2016-02-03,0.901,0.901,1.24%,开放申购,开放赎回,
2016-02-02,0.89,0.89,2.77%,开放申购,开放赎回,
2016-02-01,0.866,0.866,-0.57%,开放申购,开放赎回,
2016-01-29,0.871,0.871,3.20%,开放申购,开放赎回,
2016-01-28,0.844,0.844,-2.99%,开放申购,开放赎回,
2016-01-27,0.87,0.87,-0.34%,开放申购,开放赎回,
2016-01-26,0.873,0.873,-5.52%,开放申购,开放赎回,
2016-01-25,0.924,0.924,0.76%,开放申购,开放赎回,
2016-01-22,0.917,0.917,1.33%,开放申购,开放赎回,
2016-01-21,0.905,0.905,-3.62%,开放申购,开放赎回,
2016-01-20,0.939,0.939,-0.63%,开放申购,开放赎回,
2016-01-19,0.945,0.945,2.05%,开放申购,开放赎回,
2016-01-18,0.926,0.926,1.09%,开放申购,开放赎回,
2016-01-15,0.916,0.916,-1.93%,开放申购,开放赎回,
2016-01-14,0.934,0.934,3.43%,开放申购,开放赎回,
2016-01-13,0.903,0.903,-2.90%,开放申购,开放赎回,
2016-01-12,0.93,0.93,0.76%,开放申购,开放赎回,
2016-01-11,0.923,0.923,-4.05%,开放申购,开放赎回,
2016-01-08,0.962,0.962,-0.31%,开放申购,开放赎回,
2016-01-07,0.965,0.965,-6.49%,开放申购,开放赎回,
2016-01-06,1.032,1.032,1.38%,开放申购,开放赎回,
2016-01-05,1.018,1.018,-1.26%,开放申购,开放赎回,
2016-01-04,1.031,1.031,-7.95%,开放申购,开放赎回,
2015-12-31,1.12,1.12,-1.32%,开放申购,开放赎回,
2015-12-30,1.135,1.135,0.44%,开放申购,开放赎回,
2015-12-29,1.13,1.13,1.07%,开放申购,开放赎回,
2015-12-28,1.118,1.118,-2.02%,开放申购,开放赎回,
2015-12-25,1.141,1.141,0.35%,开放申购,开放赎回,
2015-12-24,1.137,1.137,-0.44%,开放申购,开放赎回,
2015-12-23,1.142,1.142,-1.55%,开放申购,开放赎回,
2015-12-22,1.16,1.16,0.26%,开放申购,开放赎回,
2015-12-21,1.157,1.157,-0.86%,开放申购,开放赎回,
2015-12-18,1.167,1.167,1.21%,开放申购,开放赎回,
2015-12-17,1.153,1.153,2.31%,开放申购,开放赎回,
2015-12-16,1.127,1.127,0.99%,开放申购,开放赎回,
2015-12-15,1.116,1.116,1.82%,开放申购,开放赎回,
2015-12-14,1.096,1.096,0.74%,开放申购,开放赎回,
2015-12-11,1.088,1.088,-0.55%,开放申购,开放赎回,
2015-12-10,1.094,1.094,-0.36%,开放申购,开放赎回,
2015-12-09,1.098,1.098,1.67%,开放申购,开放赎回,
2015-08-28,1.0,1.0,--,封闭期,封闭期,
2015-08-21,1.0,1.0,--,封闭期,封闭期,
2015-08-14,1.0,1.0,--,封闭期,封闭期,
2015-08-07,1.0,1.0,--,封闭期,封闭期,
2015-08-28,1.0,1.0,--,封闭期,封闭期,
2015-08-21,1.0,1.0,--,封闭期,封闭期,
2015-08-14,1.0,1.0,--,封闭期,封闭期,
2015-08-07,1.0,1.0,--,封闭期,封闭期,
2015-08-28,1.0,1.0,--,封闭期,封闭期,
2015-08-21,1.0,1.0,--,封闭期,封闭期,
2015-08-14,1.0,1.0,--,封闭期,封闭期,
2015-08-07,1.0,1.0,--,封闭期,封闭期,
2015-08-28,1.0,1.0,--,封闭期,封闭期,
2015-08-21,1.0,1.0,--,封闭期,封闭期,
2015-08-14,1.0,1.0,--,封闭期,封闭期,
2015-08-07,1.0,1.0,--,封闭期,封闭期,
2015-08-28,1.0,1.0,--,封闭期,封闭期,
2015-08-21,1.0,1.0,--,封闭期,封闭期,
2015-08-14,1.0,1.0,--,封闭期,封闭期,
2015-08-07,1.0,1.0,--,封闭期,封闭期,
2015-08-28,1.0,1.0,--,封闭期,封闭期,
2015-08-21,1.0,1.0,--,封闭期,封闭期,
2015-08-14,1.0,1.0,--,封闭期,封闭期,
2015-08-07,1.0,1.0,--,封闭期,封闭期,
2015-08-28,1.0,1.0,--,封闭期,封闭期,
2015-08-21,1.0,1.0,--,封闭期,封闭期,
2015-08-14,1.0,1.0,--,封闭期,封闭期,
2015-08-07,1.0,1.0,--,封闭期,封闭期,
2015-08-28,1.0,1.0,--,封闭期,封闭期,
2015-08-21,1.0,1.0,--,封闭期,封闭期,
2015-08-14,1.0,1.0,--,封闭期,封闭期,
2015-08-07,1.0,1.0,--,封闭期,封闭期,
2015-08-28,1.0,1.0,--,封闭期,封闭期,
2015-08-21,1.0,1.0,--,封闭期,封闭期,
2015-08-14,1.0,1.0,--,封闭期,封闭期,
2015-08-07,1.0,1.0,--,封闭期,封闭期,
2015-08-28,1.0,1.0,--,封闭期,封闭期,
2015-08-21,1.0,1.0,--,封闭期,封闭期,
2015-08-14,1.0,1.0,--,封闭期,封闭期,
2015-08-07,1.0,1.0,--,封闭期,封闭期,
2015-08-28,1.0,1.0,--,封闭期,封闭期,
2015-08-21,1.0,1.0,--,封闭期,封闭期,
2015-08-14,1.0,1.0,--,封闭期,封闭期,
2015-08-07,1.0,1.0,--,封闭期,封闭期,
2015-08-28,1.0,1.0,--,封闭期,封闭期,
2015-08-21,1.0,1.0,--,封闭期,封闭期,
2015-08-14,1.0,1.0,--,封闭期,封闭期,
2015-08-07,1.0,1.0,--,封闭期,封闭期,
2015-08-28,1.0,1.0,--,封闭期,封闭期,
2015-08-21,1.0,1.0,--,封闭期,封闭期,
2015-08-14,1.0,1.0,--,封闭期,封闭期,
2015-08-07,1.0,1.0,--,封闭期,封闭期,
2015-08-28,1.0,1.0,--,封闭期,封闭期,
2015-08-21,1.0,1.0,--,封闭期,封闭期,
2015-08-14,1.0,1.0,--,封闭期,封闭期,
2015-08-07,1.0,1.0,--,封闭期,封闭期,
2015-08-28,1.0,1.0,--,封闭期,封闭期,
2015-08-21,1.0,1.0,--,封闭期,封闭期,
2015-08-14,1.0,1.0,--,封闭期,封闭期,
2015-08-07,1.0,1.0,--,封闭期,封闭期,
2015-08-28,1.0,1.0,--,封闭期,封闭期,
2015-08-21,1.0,1.0,--,封闭期,封闭期,
2015-08-14,1.0,1.0,--,封闭期,封闭期,
2015-08-07,1.0,1.0,--,封闭期,封闭期,
2015-08-28,1.0,1.0,--,封闭期,封闭期,
2015-08-21,1.0,1.0,--,封闭期,封闭期,
2015-08-14,1.0,1.0,--,封闭期,封闭期,
2015-08-07,1.0,1.0,--,封闭期,封闭期,
2015-08-28,1.0,1.0,--,封闭期,封闭期,
2015-08-21,1.0,1.0,--,封闭期,封闭期,
2015-08-14,1.0,1.0,--,封闭期,封闭期,
2015-08-07,1.0,1.0,--,封闭期,封闭期,
2015-08-28,1.0,1.0,--,封闭期,封闭期,
2015-08-21,1.0,1.0,--,封闭期,封闭期,
2015-08-14,1.0,1.0,--,封闭期,封闭期,
2015-08-07,1.0,1.0,--,封闭期,封闭期,
2015-08-28,1.0,1.0,--,封闭期,封闭期,
2015-08-21,1.0,1.0,--,封闭期,封闭期,
2015-08-14,1.0,1.0,--,封闭期,封闭期,
2015-08-07,1.0,1.0,--,封闭期,封闭期,
2015-08-28,1.0,1.0,--,封闭期,封闭期,
2015-08-21,1.0,1.0,--,封闭期,封闭期,
2015-08-14,1.0,1.0,--,封闭期,封闭期,
2015-08-07,1.0,1.0,--,封闭期,封闭期,
2015-08-28,1.0,1.0,--,封闭期,封闭期,
2015-08-21,1.0,1.0,--,封闭期,封闭期,
2015-08-14,1.0,1.0,--,封闭期,封闭期,
2015-08-07,1.0,1.0,--,封闭期,封闭期,
2015-08-28,1.0,1.0,--,封闭期,封闭期,
2015-08-21,1.0,1.0,--,封闭期,封闭期,
2015-08-14,1.0,1.0,--,封闭期,封闭期,
2015-08-07,1.0,1.0,--,封闭期,封闭期,
2015-08-28,1.0,1.0,--,封闭期,封闭期,
2015-08-21,1.0,1.0,--,封闭期,封闭期,
2015-08-14,1.0,1.0,--,封闭期,封闭期,
2015-08-07,1.0,1.0,--,封闭期,封闭期,
2015-08-28,1.0,1.0,--,封闭期,封闭期,
2015-08-21,1.0,1.0,--,封闭期,封闭期,
2015-08-14,1.0,1.0,--,封闭期,封闭期,
2015-08-07,1.0,1.0,--,封闭期,封闭期,
2015-08-28,1.0,1.0,--,封闭期,封闭期,
2015-08-21,1.0,1.0,--,封闭期,封闭期,
2015-08-14,1.0,1.0,--,封闭期,封闭期,
2015-08-07,1.0,1.0,--,封闭期,封闭期,
2015-08-28,1.0,1.0,--,封闭期,封闭期,
2015-08-21,1.0,1.0,--,封闭期,封闭期,
2015-08-14,1.0,1.0,--,封闭期,封闭期,
2015-08-07,1.0,1.0,--,封闭期,封闭期,
2015-08-28,1.0,1.0,--,封闭期,封闭期,
2015-08-21,1.0,1.0,--,封闭期,封闭期,
2015-08-14,1.0,1.0,--,封闭期,封闭期,
2015-08-07,1.0,1.0,--,封闭期,封闭期,
2015-08-28,1.0,1.0,--,封闭期,封闭期,
2015-08-21,1.0,1.0,--,封闭期,封闭期,
2015-08-14,1.0,1.0,--,封闭期,封闭期,
2015-08-07,1.0,1.0,--,封闭期,封闭期,
2015-08-28,1.0,1.0,--,封闭期,封闭期,
2015-08-21,1.0,1.0,--,封闭期,封闭期,
2015-08-14,1.0,1.0,--,封闭期,封闭期,
2015-08-07,1.0,1.0,--,封闭期,封闭期,
2015-08-28,1.0,1.0,--,封闭期,封闭期,
2015-08-21,1.0,1.0,--,封闭期,封闭期,
2015-08-14,1.0,1.0,--,封闭期,封闭期,
2015-08-07,1.0,1.0,--,封闭期,封闭期,
2015-08-28,1.0,1.0,--,封闭期,封闭期,
2015-08-21,1.0,1.0,--,封闭期,封闭期,
2015-08-14,1.0,1.0,--,封闭期,封闭期,
2015-08-07,1.0,1.0,--,封闭期,封闭期,
2015-08-28,1.0,1.0,--,封闭期,封闭期,
2015-08-21,1.0,1.0,--,封闭期,封闭期,
2015-08-14,1.0,1.0,--,封闭期,封闭期,
2015-08-07,1.0,1.0,--,封闭期,封闭期,
2015-08-28,1.0,1.0,--,封闭期,封闭期,
2015-08-21,1.0,1.0,--,封闭期,封闭期,
2015-08-14,1.0,1.0,--,封闭期,封闭期,
2015-08-07,1.0,1.0,--,封闭期,封闭期,
2015-08-28,1.0,1.0,--,封闭期,封闭期,
2015-08-21,1.0,1.0,--,封闭期,封闭期,
2015-08-14,1.0,1.0,--,封闭期,封闭期,
2015-08-07,1.0,1.0,--,封闭期,封闭期,
2015-08-28,1.0,1.0,--,封闭期,封闭期,
2015-08-21,1.0,1.0,--,封闭期,封闭期,
2015-08-14,1.0,1.0,--,封闭期,封闭期,
2015-08-07,1.0,1.0,--,封闭期,封闭期,
2015-08-28,1.0,1.0,--,封闭期,封闭期,
2015-08-21,1.0,1.0,--,封闭期,封闭期,
2015-08-14,1.0,1.0,--,封闭期,封闭期,
2015-08-07,1.0,1.0,--,封闭期,封闭期,
2015-08-28,1.0,1.0,--,封闭期,封闭期,
2015-08-21,1.0,1.0,--,封闭期,封闭期,
2015-08-14,1.0,1.0,--,封闭期,封闭期,
2015-08-07,1.0,1.0,--,封闭期,封闭期,
2015-08-28,1.0,1.0,--,封闭期,封闭期,
2015-08-21,1.0,1.0,--,封闭期,封闭期,
2015-08-14,1.0,1.0,--,封闭期,封闭期,
2015-08-07,1.0,1.0,--,封闭期,封闭期,
2015-08-28,1.0,1.0,--,封闭期,封闭期,
2015-08-21,1.0,1.0,--,封闭期,封闭期,
2015-08-14,1.0,1.0,--,封闭期,封闭期,
2015-08-07,1.0,1.0,--,封闭期,封闭期,
2015-08-28,1.0,1.0,--,封闭期,封闭期,
2015-08-21,1.0,1.0,--,封闭期,封闭期,
2015-08-14,1.0,1.0,--,封闭期,封闭期,
2015-08-07,1.0,1.0,--,封闭期,封闭期,
2015-08-28,1.0,1.0,--,封闭期,封闭期,
2015-08-21,1.0,1.0,--,封闭期,封闭期,
2015-08-14,1.0,1.0,--,封闭期,封闭期,
2015-08-07,1.0,1.0,--,封闭期,封闭期,
2015-08-28,1.0,1.0,--,封闭期,封闭期,
2015-08-21,1.0,1.0,--,封闭期,封闭期,
2015-08-14,1.0,1.0,--,封闭期,封闭期,
2015-08-07,1.0,1.0,--,封闭期,封闭期,
2015-08-28,1.0,1.0,--,封闭期,封闭期,
2015-08-21,1.0,1.0,--,封闭期,封闭期,
2015-08-14,1.0,1.0,--,封闭期,封闭期,
2015-08-07,1.0,1.0,--,封闭期,封闭期,
2015-08-28,1.0,1.0,--,封闭期,封闭期,
2015-08-21,1.0,1.0,--,封闭期,封闭期,
2015-08-14,1.0,1.0,--,封闭期,封闭期,
2015-08-07,1.0,1.0,--,封闭期,封闭期,
2015-08-28,1.0,1.0,--,封闭期,封闭期,
2015-08-21,1.0,1.0,--,封闭期,封闭期,
2015-08-14,1.0,1.0,--,封闭期,封闭期,
2015-08-07,1.0,1.0,--,封闭期,封闭期,
2015-08-28,1.0,1.0,--,封闭期,封闭期,
2015-08-21,1.0,1.0,--,封闭期,封闭期,
2015-08-14,1.0,1.0,--,封闭期,封闭期,
2015-08-07,1.0,1.0,--,封闭期,封闭期,
2015-08-28,1.0,1.0,--,封闭期,封闭期,
2015-08-21,1.0,1.0,--,封闭期,封闭期,
2015-08-14,1.0,1.0,--,封闭期,封闭期,
2015-08-07,1.0,1.0,--,封闭期,封闭期,
2015-08-28,1.0,1.0,--,封闭期,封闭期,
2015-08-21,1.0,1.0,--,封闭期,封闭期,
2015-08-14,1.0,1.0,--,封闭期,封闭期,
2015-08-07,1.0,1.0,--,封闭期,封闭期,
2015-08-28,1.0,1.0,--,封闭期,封闭期,
2015-08-21,1.0,1.0,--,封闭期,封闭期,
2015-08-14,1.0,1.0,--,封闭期,封闭期,
2015-08-07,1.0,1.0,--,封闭期,封闭期,
2015-08-28,1.0,1.0,--,封闭期,封闭期,
2015-08-21,1.0,1.0,--,封闭期,封闭期,
2015-08-14,1.0,1.0,--,封闭期,封闭期,
2015-08-07,1.0,1.0,--,封闭期,封闭期,
2015-08-28,1.0,1.0,--,封闭期,封闭期,
2015-08-21,1.0,1.0,--,封闭期,封闭期,
2015-08-14,1.0,1.0,--,封闭期,封闭期,
2015-08-07,1.0,1.0,--,封闭期,封闭期,
2015-08-28,1.0,1.0,--,封闭期,封闭期,
2015-08-21,1.0,1.0,--,封闭期,封闭期,
2015-08-14,1.0,1.0,--,封闭期,封闭期,
2015-08-07,1.0,1.0,--,封闭期,封闭期,
2015-08-28,1.0,1.0,--,封闭期,封闭期,
2015-08-21,1.0,1.0,--,封闭期,封闭期,
2015-08-14,1.0,1.0,--,封闭期,封闭期,
2015-08-07,1.0,1.0,--,封闭期,封闭期,
2015-08-28,1.0,1.0,--,封闭期,封闭期,
2015-08-21,1.0,1.0,--,封闭期,封闭期,
2015-08-14,1.0,1.0,--,封闭期,封闭期,
2015-08-07,1.0,1.0,--,封闭期,封闭期,
2015-08-28,1.0,1.0,--,封闭期,封闭期,
2015-08-21,1.0,1.0,--,封闭期,封闭期,
2015-08-14,1.0,1.0,--,封闭期,封闭期,
2015-08-07,1.0,1.0,--,封闭期,封闭期,
2015-08-28,1.0,1.0,--,封闭期,封闭期,
2015-08-21,1.0,1.0,--,封闭期,封闭期,
2015-08-14,1.0,1.0,--,封闭期,封闭期,
2015-08-07,1.0,1.0,--,封闭期,封闭期,
